﻿[
  {
    "id": 1723,
    "DevComment": "Adjective"
  },
  {
    "id": 1724,
    "DevComment": "Adjective"
  },
  {
    "id": 1725,
    "DevComment": "Adjective"
  },
  {
    "id": 1727,
    "DevComment": "Adjective"
  },
  {
    "id": 1728,
    "DevComment": "Adjective"
  },
  {
    "id": 1730,
    "DevComment": "Adjective"
  },
  {
    "id": 1731,
    "DevComment": "Adjective"
  },
  {
    "id": 1732,
    "DevComment": "Adjective"
  },
  {
    "id": 1733,
    "DevComment": "Adjective"
  },
  {
    "id": 1734,
    "DevComment": "Adjective"
  },
  {
    "id": 1735,
    "DevComment": "Adjective"
  },
  {
    "id": 1736,
    "DevComment": "Adjective"
  },
  {
    "id": 1737,
    "DevComment": "Adjective"
  },
  {
    "id": 1741,
    "DevComment": "Adjective"
  },
  {
    "id": 1742,
    "DevComment": "Adjective"
  },
  {
    "id": 1743,
    "DevComment": "Adjective"
  },
  {
    "id": 1744,
    "DevComment": "Adjective"
  },
  {
    "id": 1745,
    "DevComment": "Adjective"
  },
  {
    "id": 1746,
    "DevComment": "Adjective"
  },
  {
    "id": 1747,
    "DevComment": "Adjective"
  },
  {
    "id": 1748,
    "DevComment": "Adjective"
  },
  {
    "id": 1753,
    "DevComment": "Adjective"
  },
  {
    "id": 1754,
    "DevComment": "Adjective"
  },
  {
    "id": 1755,
    "DevComment": "Adjective"
  },
  {
    "id": 1756,
    "DevComment": "Adjective"
  },
  {
    "id": 1757,
    "DevComment": "Adjective"
  },
  {
    "id": 1758,
    "DevComment": "Adjective"
  },
  {
    "id": 1759,
    "DevComment": "Adjective"
  },
  {
    "id": 1760,
    "DevComment": "Adjective"
  },
  {
    "id": 1761,
    "DevComment": "Adjective"
  },
  {
    "id": 1762,
    "DevComment": "Adjective"
  },
  {
    "id": 1763,
    "DevComment": "Adjective"
  },
  {
    "id": 1764,
    "DevComment": "Adjective"
  },
  {
    "id": 1765,
    "DevComment": "Adjective"
  },
  {
    "id": 1766,
    "DevComment": "Adjective"
  },
  {
    "id": 1767,
    "DevComment": "Adjective"
  },
  {
    "id": 1768,
    "DevComment": "Adjective"
  },
  {
    "id": 1769,
    "DevComment": "Adjective"
  },
  {
    "id": 1770,
    "DevComment": "Adjective"
  },
  {
    "id": 1776,
    "DevComment": "Adjective"
  },
  {
    "id": 1777,
    "DevComment": "Adjective"
  },
  {
    "id": 1778,
    "DevComment": "Adjective"
  },
  {
    "id": 1780,
    "DevComment": "Adjective"
  },
  {
    "id": 1782,
    "DevComment": "Adjective"
  },
  {
    "id": 1783,
    "DevComment": "Adjective"
  },
  {
    "id": 1784,
    "DevComment": "Adjective"
  },
  {
    "id": 1785,
    "DevComment": "Adjective"
  },
  {
    "id": 1786,
    "DevComment": "Adjective"
  },
  {
    "id": 1789,
    "DevComment": "Adjective"
  },
  {
    "id": 1790,
    "DevComment": "Adjective"
  },
  {
    "id": 1791,
    "DevComment": "Adjective"
  },
  {
    "id": 1792,
    "DevComment": "Adjective"
  },
  {
    "id": 1794,
    "DevComment": "Adjective"
  },
  {
    "id": 1796,
    "DevComment": "Adjective"
  },
  {
    "id": 1797,
    "DevComment": "Adjective"
  },
  {
    "id": 1798,
    "DevComment": "Adjective"
  },
  {
    "id": 1799,
    "DevComment": "Adjective"
  },
  {
    "id": 1800,
    "DevComment": "Adjective"
  },
  {
    "id": 1801,
    "DevComment": "Adjective"
  },
  {
    "id": 1804,
    "DevComment": "Adjective"
  },
  {
    "id": 1805,
    "DevComment": "Adjective"
  },
  {
    "id": 1806,
    "DevComment": "Adjective"
  },
  {
    "id": 1808,
    "DevComment": "Adjective"
  },
  {
    "id": 1809,
    "DevComment": "Adjective"
  },
  {
    "id": 1811,
    "DevComment": "Adjective"
  },
  {
    "id": 1812,
    "DevComment": "Adjective"
  },
  {
    "id": 1813,
    "DevComment": "Adjective"
  },
  {
    "id": 1815,
    "DevComment": "Adjective"
  },
  {
    "id": 1817,
    "DevComment": "Adjective"
  },
  {
    "id": 1818,
    "DevComment": "Adjective"
  },
  {
    "id": 1819,
    "DevComment": "Adjective"
  },
  {
    "id": 1820,
    "DevComment": "Adjective"
  },
  {
    "id": 1821,
    "DevComment": "Adjective"
  },
  {
    "id": 1822,
    "DevComment": "Adjective"
  },
  {
    "id": 1823,
    "DevComment": "Adjective"
  },
  {
    "id": 1824,
    "DevComment": "Adjective"
  },
  {
    "id": 1825,
    "DevComment": "Adjective"
  },
  {
    "id": 1826,
    "DevComment": "Adjective"
  },
  {
    "id": 1828,
    "DevComment": "Adjective"
  },
  {
    "id": 1837,
    "DevComment": "Appellation"
  },
  {
    "id": 1838,
    "DevComment": "Appellation"
  },
  {
    "id": 1839,
    "DevComment": "Appellation"
  },
  {
    "id": 1840,
    "DevComment": "Appellation"
  },
  {
    "id": 1841,
    "DevComment": "Appellation"
  },
  {
    "id": 1842,
    "DevComment": "Appellation"
  },
  {
    "id": 1843,
    "DevComment": "Appellation"
  },
  {
    "id": 1844,
    "DevComment": "Appellation"
  },
  {
    "id": 1845,
    "DevComment": "Appellation"
  },
  {
    "id": 1846,
    "DevComment": "Appellation"
  },
  {
    "id": 1847,
    "DevComment": "Appellation"
  },
  {
    "id": 1848,
    "DevComment": "Appellation"
  },
  {
    "id": 1849,
    "DevComment": "Appellation"
  },
  {
    "id": 1850,
    "DevComment": "Appellation"
  },
  {
    "id": 1851,
    "DevComment": "Appellation"
  },
  {
    "id": 1852,
    "DevComment": "Appellation"
  },
  {
    "id": 1853,
    "DevComment": "Appellation"
  },
  {
    "id": 1854,
    "DevComment": "Appellation"
  },
  {
    "id": 1855,
    "DevComment": "Appellation"
  },
  {
    "id": 1856,
    "DevComment": "Appellation"
  },
  {
    "id": 1857,
    "DevComment": "Appellation"
  },
  {
    "id": 1858,
    "DevComment": "Appellation"
  },
  {
    "id": 1859,
    "DevComment": "Appellation"
  },
  {
    "id": 1860,
    "DevComment": "Appellation"
  },
  {
    "id": 1861,
    "DevComment": "Appellation"
  },
  {
    "id": 1862,
    "DevComment": "Appellation"
  },
  {
    "id": 1863,
    "DevComment": "Appellation"
  },
  {
    "id": 1864,
    "DevComment": "Appellation"
  },
  {
    "id": 1865,
    "DevComment": "Appellation"
  },
  {
    "id": 1866,
    "DevComment": "Appellation"
  },
  {
    "id": 1867,
    "DevComment": "Appellation"
  },
  {
    "id": 1868,
    "DevComment": "Appellation"
  },
  {
    "id": 1869,
    "DevComment": "Appellation"
  },
  {
    "id": 1870,
    "DevComment": "Appellation"
  },
  {
    "id": 1871,
    "DevComment": "Appellation"
  },
  {
    "id": 1872,
    "DevComment": "Appellation"
  },
  {
    "id": 1873,
    "DevComment": "Appellation"
  },
  {
    "id": 1874,
    "DevComment": "Appellation"
  },
  {
    "id": 1875,
    "DevComment": "Appellation"
  },
  {
    "id": 1876,
    "DevComment": "Appellation"
  },
  {
    "id": 1877,
    "DevComment": "Appellation"
  },
  {
    "id": 1878,
    "DevComment": "Appellation"
  },
  {
    "id": 1879,
    "DevComment": "Appellation"
  },
  {
    "id": 1880,
    "DevComment": "Appellation"
  },
  {
    "id": 1881,
    "DevComment": "Appellation"
  },
  {
    "id": 1882,
    "DevComment": "Appellation"
  },
  {
    "id": 1883,
    "DevComment": "Appellation"
  },
  {
    "id": 1884,
    "DevComment": "Appellation"
  },
  {
    "id": 1885,
    "DevComment": "Appellation"
  },
  {
    "id": 1886,
    "DevComment": "Appellation"
  },
  {
    "id": 1888,
    "DevComment": "Appellation"
  },
  {
    "id": 1889,
    "DevComment": "Appellation"
  },
  {
    "id": 1890,
    "DevComment": "Appellation"
  },
  {
    "id": 1891,
    "DevComment": "Appellation"
  },
  {
    "id": 1892,
    "DevComment": "Appellation"
  },
  {
    "id": 1893,
    "DevComment": "Appellation"
  },
  {
    "id": 1894,
    "DevComment": "Appellation"
  },
  {
    "id": 1895,
    "DevComment": "Appellation"
  },
  {
    "id": 1896,
    "DevComment": "Appellation"
  },
  {
    "id": 1897,
    "DevComment": "Appellation"
  },
  {
    "id": 1898,
    "DevComment": "Appellation"
  },
  {
    "id": 1899,
    "DevComment": "Appellation"
  },
  {
    "id": 1900,
    "DevComment": "Appellation"
  },
  {
    "id": 1901,
    "DevComment": "Appellation"
  },
  {
    "id": 1902,
    "DevComment": "Appellation"
  },
  {
    "id": 1903,
    "DevComment": "Appellation"
  },
  {
    "id": 1904,
    "DevComment": "Appellation"
  },
  {
    "id": 1905,
    "DevComment": "Appellation"
  },
  {
    "id": 1906,
    "DevComment": "Appellation"
  },
  {
    "id": 1907,
    "DevComment": "Appellation"
  },
  {
    "id": 1908,
    "DevComment": "Appellation"
  },
  {
    "id": 1909,
    "DevComment": "Appellation"
  },
  {
    "id": 1910,
    "DevComment": "Appellation"
  },
  {
    "id": 1911,
    "DevComment": "Appellation"
  },
  {
    "id": 1912,
    "DevComment": "Appellation"
  },
  {
    "id": 1913,
    "DevComment": "Appellation"
  },
  {
    "id": 1914,
    "DevComment": "Appellation"
  },
  {
    "id": 1915,
    "DevComment": "Appellation"
  },
  {
    "id": 1916,
    "DevComment": "Appellation"
  },
  {
    "id": 1917,
    "DevComment": "Appellation"
  },
  {
    "id": 1919,
    "DevComment": "Appellation"
  },
  {
    "id": 1920,
    "DevComment": "Appellation"
  },
  {
    "id": 1922,
    "DevComment": "Appellation"
  },
  {
    "id": 1923,
    "DevComment": "Appellation"
  },
  {
    "id": 1924,
    "DevComment": "Appellation"
  },
  {
    "id": 1925,
    "DevComment": "Appellation"
  },
  {
    "id": 1926,
    "DevComment": "Appellation"
  },
  {
    "id": 1927,
    "DevComment": "Appellation"
  },
  {
    "id": 1928,
    "DevComment": "Appellation"
  },
  {
    "id": 1929,
    "DevComment": "Appellation"
  },
  {
    "id": 2282,
    "DevComment": "Adjective"
  },
  {
    "id": 2283,
    "DevComment": "Adjective"
  },
  {
    "id": 2285,
    "DevComment": "Adjective"
  },
  {
    "id": 2287,
    "DevComment": "Adjective"
  },
  {
    "id": 2288,
    "DevComment": "Adjective"
  },
  {
    "id": 2289,
    "DevComment": "Adjective"
  },
  {
    "id": 2290,
    "DevComment": "Adjective"
  },
  {
    "id": 2291,
    "DevComment": "Adjective"
  },
  {
    "id": 2292,
    "DevComment": "Adjective"
  },
  {
    "id": 2293,
    "DevComment": "Adjective"
  },
  {
    "id": 2294,
    "DevComment": "Adjective"
  },
  {
    "id": 2295,
    "DevComment": "Adjective"
  },
  {
    "id": 2296,
    "DevComment": "Adjective"
  },
  {
    "id": 2297,
    "DevComment": "Adjective"
  },
  {
    "id": 2298,
    "DevComment": "Adjective"
  },
  {
    "id": 2300,
    "DevComment": "Adjective"
  },
  {
    "id": 2301,
    "DevComment": "Adjective"
  },
  {
    "id": 2302,
    "DevComment": "Adjective"
  },
  {
    "id": 2303,
    "DevComment": "Adjective"
  },
  {
    "id": 2304,
    "DevComment": "Adjective"
  },
  {
    "id": 2305,
    "DevComment": "Adjective"
  },
  {
    "id": 2306,
    "DevComment": "Adjective"
  },
  {
    "id": 2307,
    "DevComment": "Adjective"
  },
  {
    "id": 2310,
    "DevComment": "Adjective"
  },
  {
    "id": 2311,
    "DevComment": "Adjective"
  },
  {
    "id": 2312,
    "DevComment": "Adjective"
  },
  {
    "id": 2313,
    "DevComment": "Adjective"
  },
  {
    "id": 2314,
    "DevComment": "Adjective"
  },
  {
    "id": 2315,
    "DevComment": "Adjective"
  },
  {
    "id": 2316,
    "DevComment": "Adjective"
  },
  {
    "id": 2318,
    "DevComment": "Adjective"
  },
  {
    "id": 2319,
    "DevComment": "Adjective"
  },
  {
    "id": 2320,
    "DevComment": "Adjective"
  },
  {
    "id": 2321,
    "DevComment": "Adjective"
  },
  {
    "id": 2322,
    "DevComment": "Adjective"
  },
  {
    "id": 2323,
    "DevComment": "Adjective"
  },
  {
    "id": 2324,
    "DevComment": "Adjective"
  },
  {
    "id": 2325,
    "DevComment": "Noun"
  },
  {
    "id": 2326,
    "DevComment": "Noun"
  },
  {
    "id": 2327,
    "DevComment": "Noun"
  },
  {
    "id": 2328,
    "DevComment": "Noun"
  },
  {
    "id": 2329,
    "DevComment": "Noun"
  },
  {
    "id": 2330,
    "DevComment": "Noun"
  },
  {
    "id": 2331,
    "DevComment": "Noun"
  },
  {
    "id": 2332,
    "DevComment": "Noun"
  },
  {
    "id": 2333,
    "DevComment": "Noun"
  },
  {
    "id": 2335,
    "DevComment": "Noun"
  },
  {
    "id": 2336,
    "DevComment": "Noun"
  },
  {
    "id": 2337,
    "DevComment": "Noun"
  },
  {
    "id": 2338,
    "DevComment": "Noun"
  },
  {
    "id": 2339,
    "DevComment": "Noun"
  },
  {
    "id": 2340,
    "DevComment": "Noun"
  },
  {
    "id": 2341,
    "DevComment": "Noun"
  },
  {
    "id": 2342,
    "DevComment": "Noun"
  },
  {
    "id": 2344,
    "DevComment": "Noun"
  },
  {
    "id": 2345,
    "DevComment": "Noun"
  },
  {
    "id": 2346,
    "DevComment": "Noun"
  },
  {
    "id": 2347,
    "DevComment": "Noun"
  },
  {
    "id": 2348,
    "DevComment": "Noun"
  },
  {
    "id": 2350,
    "DevComment": "Noun"
  },
  {
    "id": 2351,
    "DevComment": "Noun"
  },
  {
    "id": 2352,
    "DevComment": "Noun"
  },
  {
    "id": 2353,
    "DevComment": "Noun"
  },
  {
    "id": 2354,
    "DevComment": "Noun"
  },
  {
    "id": 2355,
    "DevComment": "Noun"
  },
  {
    "id": 2356,
    "DevComment": "Noun"
  },
  {
    "id": 2357,
    "DevComment": "Noun"
  },
  {
    "id": 2358,
    "DevComment": "Noun"
  },
  {
    "id": 2359,
    "DevComment": "Noun"
  },
  {
    "id": 2360,
    "DevComment": "Noun"
  },
  {
    "id": 2361,
    "DevComment": "Noun"
  },
  {
    "id": 2362,
    "DevComment": "Noun"
  },
  {
    "id": 2363,
    "DevComment": "Noun"
  },
  {
    "id": 2364,
    "DevComment": "Noun"
  },
  {
    "id": 2365,
    "DevComment": "Noun"
  },
  {
    "id": 2366,
    "DevComment": "Noun"
  },
  {
    "id": 2367,
    "DevComment": "Noun"
  },
  {
    "id": 2368,
    "DevComment": "Noun"
  },
  {
    "id": 2369,
    "DevComment": "Noun"
  },
  {
    "id": 2370,
    "DevComment": "Noun"
  },
  {
    "id": 2371,
    "DevComment": "Noun"
  },
  {
    "id": 2372,
    "DevComment": "Noun"
  },
  {
    "id": 2373,
    "DevComment": "Noun"
  },
  {
    "id": 2374,
    "DevComment": "Noun"
  },
  {
    "id": 2375,
    "DevComment": "Noun"
  },
  {
    "id": 2376,
    "DevComment": "Noun"
  },
  {
    "id": 2377,
    "DevComment": "Noun"
  },
  {
    "id": 2378,
    "DevComment": "Noun"
  },
  {
    "id": 2380,
    "DevComment": "Noun"
  },
  {
    "id": 2381,
    "DevComment": "Noun"
  },
  {
    "id": 2382,
    "DevComment": "Noun"
  },
  {
    "id": 2383,
    "DevComment": "Noun"
  },
  {
    "id": 2564,
    "DevComment": "Adjective"
  },
  {
    "id": 2702,
    "DevComment": "Adjective"
  },
  {
    "id": 2703,
    "DevComment": "Adjective"
  },
  {
    "id": 2704,
    "DevComment": "Adjective"
  },
  {
    "id": 2705,
    "DevComment": "Adjective"
  },
  {
    "id": 2706,
    "DevComment": "Adjective"
  },
  {
    "id": 2707,
    "DevComment": "Adjective"
  },
  {
    "id": 2708,
    "DevComment": "Adjective"
  },
  {
    "id": 2709,
    "DevComment": "Adjective"
  },
  {
    "id": 2710,
    "DevComment": "Adjective"
  },
  {
    "id": 2711,
    "DevComment": "Adjective"
  },
  {
    "id": 2712,
    "DevComment": "Adjective"
  },
  {
    "id": 2713,
    "DevComment": "Adjective"
  },
  {
    "id": 2714,
    "DevComment": "Adjective"
  },
  {
    "id": 2715,
    "DevComment": "Adjective"
  },
  {
    "id": 2716,
    "DevComment": "Adjective"
  },
  {
    "id": 2717,
    "DevComment": "Adjective"
  },
  {
    "id": 2718,
    "DevComment": "Adjective"
  },
  {
    "id": 2719,
    "DevComment": "Adjective"
  },
  {
    "id": 2720,
    "DevComment": "Adjective"
  },
  {
    "id": 2721,
    "DevComment": "Adjective"
  },
  {
    "id": 2722,
    "DevComment": "Adjective"
  },
  {
    "id": 2723,
    "DevComment": "Adjective"
  },
  {
    "id": 2724,
    "DevComment": "Adjective"
  },
  {
    "id": 2725,
    "DevComment": "Adjective"
  },
  {
    "id": 2726,
    "DevComment": "Adjective"
  },
  {
    "id": 2727,
    "DevComment": "Adjective"
  },
  {
    "id": 2728,
    "DevComment": "Adjective"
  },
  {
    "id": 2729,
    "DevComment": "Adjective"
  },
  {
    "id": 2730,
    "DevComment": "Adjective"
  },
  {
    "id": 2731,
    "DevComment": "Adjective"
  },
  {
    "id": 2732,
    "DevComment": "Adjective"
  },
  {
    "id": 2733,
    "DevComment": "Adjective"
  },
  {
    "id": 2734,
    "DevComment": "Adjective"
  },
  {
    "id": 2735,
    "DevComment": "Adjective"
  },
  {
    "id": 2736,
    "DevComment": "Adjective"
  },
  {
    "id": 2737,
    "DevComment": "Adjective"
  },
  {
    "id": 2738,
    "DevComment": "Adjective"
  },
  {
    "id": 2739,
    "DevComment": "Adjective"
  },
  {
    "id": 2740,
    "DevComment": "Adjective"
  },
  {
    "id": 2741,
    "DevComment": "Adjective"
  },
  {
    "id": 2742,
    "DevComment": "Adjective"
  },
  {
    "id": 2743,
    "DevComment": "Adjective"
  },
  {
    "id": 2744,
    "DevComment": "Adjective"
  },
  {
    "id": 2745,
    "DevComment": "Adjective"
  },
  {
    "id": 2746,
    "DevComment": "Adjective"
  },
  {
    "id": 2747,
    "DevComment": "Adjective"
  },
  {
    "id": 2748,
    "DevComment": "Adjective"
  },
  {
    "id": 2749,
    "DevComment": "Adjective"
  },
  {
    "id": 2750,
    "DevComment": "Adjective"
  },
  {
    "id": 2751,
    "DevComment": "Adjective"
  },
  {
    "id": 2752,
    "DevComment": "Adjective"
  },
  {
    "id": 2753,
    "DevComment": "Adjective"
  },
  {
    "id": 2754,
    "DevComment": "Adjective"
  },
  {
    "id": 2755,
    "DevComment": "Noun"
  },
  {
    "id": 2756,
    "DevComment": "Noun"
  },
  {
    "id": 2757,
    "DevComment": "Noun"
  },
  {
    "id": 2758,
    "DevComment": "Noun"
  },
  {
    "id": 2759,
    "DevComment": "Noun"
  },
  {
    "id": 2760,
    "DevComment": "Noun"
  },
  {
    "id": 2761,
    "DevComment": "Noun"
  },
  {
    "id": 2762,
    "DevComment": "Noun"
  },
  {
    "id": 2763,
    "DevComment": "Noun"
  },
  {
    "id": 2764,
    "DevComment": "Noun"
  },
  {
    "id": 2765,
    "DevComment": "Noun"
  },
  {
    "id": 2766,
    "DevComment": "Noun"
  },
  {
    "id": 2767,
    "DevComment": "Noun"
  },
  {
    "id": 2768,
    "DevComment": "Noun"
  },
  {
    "id": 2769,
    "DevComment": "Noun"
  },
  {
    "id": 2770,
    "DevComment": "Noun"
  },
  {
    "id": 2771,
    "DevComment": "Noun"
  },
  {
    "id": 2772,
    "DevComment": "Noun"
  },
  {
    "id": 2773,
    "DevComment": "Noun"
  },
  {
    "id": 2774,
    "DevComment": "Noun"
  },
  {
    "id": 2775,
    "DevComment": "Noun"
  },
  {
    "id": 2776,
    "DevComment": "Noun"
  },
  {
    "id": 2777,
    "DevComment": "Noun"
  },
  {
    "id": 2778,
    "DevComment": "Noun"
  },
  {
    "id": 2779,
    "DevComment": "Noun"
  },
  {
    "id": 2780,
    "DevComment": "Noun"
  },
  {
    "id": 2781,
    "DevComment": "Noun"
  },
  {
    "id": 2782,
    "DevComment": "Noun"
  },
  {
    "id": 2783,
    "DevComment": "Noun"
  },
  {
    "id": 2784,
    "DevComment": "Noun"
  },
  {
    "id": 2785,
    "DevComment": "Noun"
  },
  {
    "id": 2786,
    "DevComment": "Noun"
  },
  {
    "id": 2787,
    "DevComment": "Noun"
  },
  {
    "id": 2788,
    "DevComment": "Noun"
  },
  {
    "id": 2789,
    "DevComment": "Noun"
  },
  {
    "id": 2791,
    "DevComment": "Noun"
  },
  {
    "id": 2792,
    "DevComment": "Noun"
  },
  {
    "id": 2793,
    "DevComment": "Noun"
  },
  {
    "id": 2794,
    "DevComment": "Noun"
  },
  {
    "id": 2795,
    "DevComment": "Noun"
  },
  {
    "id": 2796,
    "DevComment": "Noun"
  },
  {
    "id": 2797,
    "DevComment": "Noun"
  },
  {
    "id": 2798,
    "DevComment": "Noun"
  },
  {
    "id": 2799,
    "DevComment": "Noun"
  },
  {
    "id": 2800,
    "DevComment": "Noun"
  },
  {
    "id": 2801,
    "DevComment": "Noun"
  },
  {
    "id": 2802,
    "DevComment": "Noun"
  },
  {
    "id": 2803,
    "DevComment": "Noun"
  },
  {
    "id": 2804,
    "DevComment": "Noun"
  },
  {
    "id": 2805,
    "DevComment": "Noun"
  },
  {
    "id": 2806,
    "DevComment": "Noun"
  },
  {
    "id": 2807,
    "DevComment": "Noun"
  },
  {
    "id": 2808,
    "DevComment": "Noun"
  },
  {
    "id": 2809,
    "DevComment": "Noun"
  },
  {
    "id": 2810,
    "DevComment": "Noun"
  },
  {
    "id": 2811,
    "DevComment": "Noun"
  },
  {
    "id": 2812,
    "DevComment": "Noun"
  },
  {
    "id": 2813,
    "DevComment": "Noun"
  },
  {
    "id": 2814,
    "DevComment": "Noun"
  },
  {
    "id": 2815,
    "DevComment": "Noun"
  },
  {
    "id": 2816,
    "DevComment": "Noun"
  },
  {
    "id": 2817,
    "DevComment": "Noun"
  },
  {
    "id": 2818,
    "DevComment": "Noun"
  },
  {
    "id": 2819,
    "DevComment": "Noun"
  },
  {
    "id": 2820,
    "DevComment": "Noun"
  },
  {
    "id": 2821,
    "DevComment": "Noun"
  },
  {
    "id": 2822,
    "DevComment": "Noun"
  },
  {
    "id": 2823,
    "DevComment": "Noun"
  },
  {
    "id": 2824,
    "DevComment": "Noun"
  },
  {
    "id": 2825,
    "DevComment": "Appellation"
  },
  {
    "id": 2826,
    "DevComment": "Appellation"
  },
  {
    "id": 2827,
    "DevComment": "Appellation"
  },
  {
    "id": 2828,
    "DevComment": "Appellation"
  },
  {
    "id": 2829,
    "DevComment": "Appellation"
  },
  {
    "id": 2830,
    "DevComment": "Appellation"
  },
  {
    "id": 2831,
    "DevComment": "Appellation"
  },
  {
    "id": 2832,
    "DevComment": "Appellation"
  },
  {
    "id": 2833,
    "DevComment": "Appellation"
  },
  {
    "id": 2834,
    "DevComment": "Appellation"
  },
  {
    "id": 2835,
    "DevComment": "Appellation"
  },
  {
    "id": 2836,
    "DevComment": "Appellation"
  },
  {
    "id": 2837,
    "DevComment": "Appellation"
  },
  {
    "id": 2838,
    "DevComment": "Appellation"
  },
  {
    "id": 2839,
    "DevComment": "Appellation"
  },
  {
    "id": 2840,
    "DevComment": "Appellation"
  },
  {
    "id": 2841,
    "DevComment": "Appellation"
  },
  {
    "id": 2842,
    "DevComment": "Appellation"
  },
  {
    "id": 2843,
    "DevComment": "Appellation"
  },
  {
    "id": 2844,
    "DevComment": "Appellation"
  },
  {
    "id": 2845,
    "DevComment": "Appellation"
  },
  {
    "id": 2846,
    "DevComment": "Appellation"
  },
  {
    "id": 2847,
    "DevComment": "Appellation"
  },
  {
    "id": 2848,
    "DevComment": "Appellation"
  },
  {
    "id": 2849,
    "DevComment": "Appellation"
  },
  {
    "id": 3220,
    "DevComment": "Adjective"
  },
  {
    "id": 10048,
    "DevComment": "Appellation"
  },
  {
    "id": 10049,
    "DevComment": "Appellation"
  },
  {
    "id": 10050,
    "DevComment": "Adjective"
  },
  {
    "id": 10051,
    "DevComment": "Adjective"
  },
  {
    "id": 10052,
    "DevComment": "Adjective"
  },
  {
    "id": 11085,
    "DevComment": "Adjective"
  },
  {
    "id": 11087,
    "DevComment": "Adjective"
  },
  {
    "id": 20688,
    "DevComment": "Adjective"
  },
  {
    "id": 20689,
    "DevComment": "Adjective"
  },
  {
    "id": 20690,
    "DevComment": "Adjective"
  },
  {
    "id": 20691,
    "DevComment": "Adjective"
  },
  {
    "id": 20692,
    "DevComment": "Adjective"
  },
  {
    "id": 20693,
    "DevComment": "Adjective"
  },
  {
    "id": 20694,
    "DevComment": "Adjective"
  },
  {
    "id": 20695,
    "DevComment": "Adjective"
  },
  {
    "id": 20696,
    "DevComment": "Adjective"
  },
  {
    "id": 20697,
    "DevComment": "Adjective"
  },
  {
    "id": 20698,
    "DevComment": "Adjective"
  },
  {
    "id": 20699,
    "DevComment": "Adjective"
  },
  {
    "id": 20700,
    "DevComment": "Adjective"
  },
  {
    "id": 20701,
    "DevComment": "Adjective"
  },
  {
    "id": 20702,
    "DevComment": "Adjective"
  },
  {
    "id": 20703,
    "DevComment": "Adjective"
  },
  {
    "id": 20704,
    "DevComment": "Adjective"
  },
  {
    "id": 20705,
    "DevComment": "Adjective"
  },
  {
    "id": 20706,
    "DevComment": "Adjective"
  },
  {
    "id": 20707,
    "DevComment": "Adjective"
  },
  {
    "id": 20708,
    "DevComment": "Adjective"
  },
  {
    "id": 20709,
    "DevComment": "Adjective"
  },
  {
    "id": 20710,
    "DevComment": "Adjective"
  },
  {
    "id": 20711,
    "DevComment": "Adjective"
  },
  {
    "id": 20712,
    "DevComment": "Adjective"
  },
  {
    "id": 20713,
    "DevComment": "Adjective"
  },
  {
    "id": 20714,
    "DevComment": "Adjective"
  },
  {
    "id": 20715,
    "DevComment": "Adjective"
  },
  {
    "id": 20716,
    "DevComment": "Adjective"
  },
  {
    "id": 20717,
    "DevComment": "Adjective"
  },
  {
    "id": 20718,
    "DevComment": "Adjective"
  },
  {
    "id": 20719,
    "DevComment": "Adjective"
  },
  {
    "id": 20720,
    "DevComment": "Adjective"
  },
  {
    "id": 20721,
    "DevComment": "Adjective"
  },
  {
    "id": 20722,
    "DevComment": "Adjective"
  },
  {
    "id": 20723,
    "DevComment": "Adjective"
  },
  {
    "id": 20724,
    "DevComment": "Adjective"
  },
  {
    "id": 20725,
    "DevComment": "Adjective"
  },
  {
    "id": 20726,
    "DevComment": "Adjective"
  },
  {
    "id": 20727,
    "DevComment": "Adjective"
  },
  {
    "id": 20728,
    "DevComment": "Adjective"
  },
  {
    "id": 20729,
    "DevComment": "Adjective"
  },
  {
    "id": 20730,
    "DevComment": "Adjective"
  },
  {
    "id": 20731,
    "DevComment": "Adjective"
  },
  {
    "id": 20732,
    "DevComment": "Adjective"
  },
  {
    "id": 20733,
    "DevComment": "Adjective"
  },
  {
    "id": 20734,
    "DevComment": "Adjective"
  },
  {
    "id": 20735,
    "DevComment": "Adjective"
  },
  {
    "id": 20736,
    "DevComment": "Adjective"
  },
  {
    "id": 20737,
    "DevComment": "Adjective"
  },
  {
    "id": 20738,
    "DevComment": "Adjective"
  },
  {
    "id": 20739,
    "DevComment": "Adjective"
  },
  {
    "id": 20740,
    "DevComment": "Adjective"
  },
  {
    "id": 20741,
    "DevComment": "Adjective"
  },
  {
    "id": 20742,
    "DevComment": "Adjective"
  },
  {
    "id": 20743,
    "DevComment": "Adjective"
  },
  {
    "id": 20744,
    "DevComment": "Adjective"
  },
  {
    "id": 20745,
    "DevComment": "Adjective"
  },
  {
    "id": 20746,
    "DevComment": "Adjective"
  },
  {
    "id": 20747,
    "DevComment": "Adjective"
  },
  {
    "id": 20748,
    "DevComment": "Adjective"
  },
  {
    "id": 20749,
    "DevComment": "Adjective"
  },
  {
    "id": 20750,
    "DevComment": "Adjective"
  },
  {
    "id": 20751,
    "DevComment": "Adjective"
  },
  {
    "id": 20752,
    "DevComment": "Adjective"
  },
  {
    "id": 20753,
    "DevComment": "Adjective"
  },
  {
    "id": 20754,
    "DevComment": "Adjective"
  },
  {
    "id": 20755,
    "DevComment": "Adjective"
  },
  {
    "id": 20756,
    "DevComment": "Adjective"
  },
  {
    "id": 20757,
    "DevComment": "Adjective"
  },
  {
    "id": 20758,
    "DevComment": "Adjective"
  },
  {
    "id": 20759,
    "DevComment": "Adjective"
  },
  {
    "id": 20760,
    "DevComment": "Adjective"
  },
  {
    "id": 20761,
    "DevComment": "Adjective"
  },
  {
    "id": 20762,
    "DevComment": "Adjective"
  },
  {
    "id": 20763,
    "DevComment": "Adjective"
  },
  {
    "id": 20764,
    "DevComment": "Adjective"
  },
  {
    "id": 20765,
    "DevComment": "Adjective"
  },
  {
    "id": 20766,
    "DevComment": "Adjective"
  },
  {
    "id": 20767,
    "DevComment": "Adjective"
  },
  {
    "id": 20768,
    "DevComment": "Adjective"
  },
  {
    "id": 20769,
    "DevComment": "Adjective"
  },
  {
    "id": 20770,
    "DevComment": "Adjective"
  },
  {
    "id": 20771,
    "DevComment": "Adjective"
  },
  {
    "id": 20772,
    "DevComment": "Adjective"
  },
  {
    "id": 20773,
    "DevComment": "Adjective"
  },
  {
    "id": 20774,
    "DevComment": "Adjective"
  },
  {
    "id": 20775,
    "DevComment": "Adjective"
  },
  {
    "id": 20776,
    "DevComment": "Adjective"
  },
  {
    "id": 20777,
    "DevComment": "Adjective"
  },
  {
    "id": 20778,
    "DevComment": "Adjective"
  },
  {
    "id": 20779,
    "DevComment": "Adjective"
  },
  {
    "id": 20780,
    "DevComment": "Adjective"
  },
  {
    "id": 20781,
    "DevComment": "Adjective"
  },
  {
    "id": 20782,
    "DevComment": "Adjective"
  },
  {
    "id": 20783,
    "DevComment": "Adjective"
  },
  {
    "id": 20784,
    "DevComment": "Adjective"
  },
  {
    "id": 20785,
    "DevComment": "Adjective"
  },
  {
    "id": 20786,
    "DevComment": "Adjective"
  },
  {
    "id": 20787,
    "DevComment": "Adjective"
  },
  {
    "id": 20788,
    "DevComment": "Adjective"
  },
  {
    "id": 20789,
    "DevComment": "Adjective"
  },
  {
    "id": 20790,
    "DevComment": "Adjective"
  },
  {
    "id": 20791,
    "DevComment": "Adjective"
  },
  {
    "id": 20792,
    "DevComment": "Adjective"
  },
  {
    "id": 20793,
    "DevComment": "Adjective"
  },
  {
    "id": 20794,
    "DevComment": "Adjective"
  },
  {
    "id": 20795,
    "DevComment": "Adjective"
  },
  {
    "id": 20796,
    "DevComment": "Adjective"
  },
  {
    "id": 20797,
    "DevComment": "Adjective"
  },
  {
    "id": 20798,
    "DevComment": "Adjective"
  },
  {
    "id": 20799,
    "DevComment": "Adjective"
  },
  {
    "id": 20800,
    "DevComment": "Adjective"
  },
  {
    "id": 20801,
    "DevComment": "Adjective"
  },
  {
    "id": 20802,
    "DevComment": "Adjective"
  },
  {
    "id": 20803,
    "DevComment": "Adjective"
  },
  {
    "id": 20804,
    "DevComment": "Adjective"
  },
  {
    "id": 20805,
    "DevComment": "Adjective"
  },
  {
    "id": 20806,
    "DevComment": "Adjective"
  },
  {
    "id": 20807,
    "DevComment": "Adjective"
  },
  {
    "id": 20808,
    "DevComment": "Adjective"
  },
  {
    "id": 20809,
    "DevComment": "Adjective"
  },
  {
    "id": 20810,
    "DevComment": "Adjective"
  },
  {
    "id": 20811,
    "DevComment": "Adjective"
  },
  {
    "id": 20812,
    "DevComment": "Adjective"
  },
  {
    "id": 20813,
    "DevComment": "Adjective"
  },
  {
    "id": 20814,
    "DevComment": "Adjective"
  },
  {
    "id": 20815,
    "DevComment": "Adjective"
  },
  {
    "id": 20816,
    "DevComment": "Adjective"
  },
  {
    "id": 20817,
    "DevComment": "Adjective"
  },
  {
    "id": 20818,
    "DevComment": "Adjective"
  },
  {
    "id": 20819,
    "DevComment": "Adjective"
  },
  {
    "id": 20820,
    "DevComment": "Adjective"
  },
  {
    "id": 20821,
    "DevComment": "Adjective"
  },
  {
    "id": 20822,
    "DevComment": "Adjective"
  },
  {
    "id": 20823,
    "DevComment": "Adjective"
  },
  {
    "id": 20824,
    "DevComment": "Adjective"
  },
  {
    "id": 20825,
    "DevComment": "Adjective"
  },
  {
    "id": 20826,
    "DevComment": "Adjective"
  },
  {
    "id": 20827,
    "DevComment": "Adjective"
  },
  {
    "id": 20828,
    "DevComment": "Adjective"
  },
  {
    "id": 20829,
    "DevComment": "Adjective"
  },
  {
    "id": 20830,
    "DevComment": "Adjective"
  },
  {
    "id": 20831,
    "DevComment": "Adjective"
  },
  {
    "id": 20832,
    "DevComment": "Adjective"
  },
  {
    "id": 20833,
    "DevComment": "Adjective"
  },
  {
    "id": 20834,
    "DevComment": "Adjective"
  },
  {
    "id": 20835,
    "DevComment": "Adjective"
  },
  {
    "id": 20836,
    "DevComment": "Adjective"
  },
  {
    "id": 20837,
    "DevComment": "Adjective"
  },
  {
    "id": 20838,
    "DevComment": "Adjective"
  },
  {
    "id": 20839,
    "DevComment": "Adjective"
  },
  {
    "id": 20840,
    "DevComment": "Adjective"
  },
  {
    "id": 20841,
    "DevComment": "Adjective"
  },
  {
    "id": 20842,
    "DevComment": "Adjective"
  },
  {
    "id": 20843,
    "DevComment": "Adjective"
  },
  {
    "id": 20844,
    "DevComment": "Adjective"
  },
  {
    "id": 20845,
    "DevComment": "Adjective"
  },
  {
    "id": 20846,
    "DevComment": "Adjective"
  },
  {
    "id": 20847,
    "DevComment": "Adjective"
  },
  {
    "id": 20848,
    "DevComment": "Adjective"
  },
  {
    "id": 20849,
    "DevComment": "Adjective"
  },
  {
    "id": 20850,
    "DevComment": "Adjective"
  },
  {
    "id": 20851,
    "DevComment": "Adjective"
  },
  {
    "id": 20852,
    "DevComment": "Adjective"
  },
  {
    "id": 20866,
    "DevComment": "Adjective"
  },
  {
    "id": 20904,
    "DevComment": "Adjective"
  },
  {
    "id": 20907,
    "DevComment": "Adjective"
  },
  {
    "id": 20910,
    "DevComment": "Adjective"
  },
  {
    "id": 20913,
    "DevComment": "Adjective"
  },
  {
    "id": 20916,
    "DevComment": "Adjective"
  },
  {
    "id": 20917,
    "DevComment": "Appellation"
  },
  {
    "id": 20918,
    "DevComment": "Appellation"
  },
  {
    "id": 20919,
    "DevComment": "Appellation"
  },
  {
    "id": 20920,
    "DevComment": "Appellation"
  },
  {
    "id": 20921,
    "DevComment": "Appellation"
  },
  {
    "id": 20922,
    "DevComment": "Appellation"
  },
  {
    "id": 20923,
    "DevComment": "Appellation"
  },
  {
    "id": 20924,
    "DevComment": "Appellation"
  },
  {
    "id": 20925,
    "DevComment": "Appellation"
  },
  {
    "id": 20926,
    "DevComment": "Appellation"
  },
  {
    "id": 20927,
    "DevComment": "Appellation"
  },
  {
    "id": 20928,
    "DevComment": "Appellation"
  },
  {
    "id": 20929,
    "DevComment": "Appellation"
  },
  {
    "id": 20930,
    "DevComment": "Appellation"
  },
  {
    "id": 20931,
    "DevComment": "Appellation"
  },
  {
    "id": 20932,
    "DevComment": "Appellation"
  },
  {
    "id": 20933,
    "DevComment": "Appellation"
  },
  {
    "id": 20934,
    "DevComment": "Appellation"
  },
  {
    "id": 20935,
    "DevComment": "Appellation"
  },
  {
    "id": 20936,
    "DevComment": "Appellation"
  },
  {
    "id": 20937,
    "DevComment": "Appellation"
  },
  {
    "id": 20938,
    "DevComment": "Appellation"
  },
  {
    "id": 20939,
    "DevComment": "Appellation"
  },
  {
    "id": 20940,
    "DevComment": "Appellation"
  },
  {
    "id": 20941,
    "DevComment": "Appellation"
  },
  {
    "id": 20942,
    "DevComment": "Appellation"
  },
  {
    "id": 20943,
    "DevComment": "Appellation"
  },
  {
    "id": 20944,
    "DevComment": "Appellation"
  },
  {
    "id": 20945,
    "DevComment": "Appellation"
  },
  {
    "id": 20946,
    "DevComment": "Appellation"
  },
  {
    "id": 20947,
    "DevComment": "Appellation"
  },
  {
    "id": 20948,
    "DevComment": "Appellation"
  },
  {
    "id": 20949,
    "DevComment": "Appellation"
  },
  {
    "id": 20950,
    "DevComment": "Appellation"
  },
  {
    "id": 20951,
    "DevComment": "Appellation"
  },
  {
    "id": 20952,
    "DevComment": "Appellation"
  },
  {
    "id": 20953,
    "DevComment": "Appellation"
  },
  {
    "id": 20954,
    "DevComment": "Appellation"
  },
  {
    "id": 20955,
    "DevComment": "Appellation"
  },
  {
    "id": 20956,
    "DevComment": "Appellation"
  },
  {
    "id": 20957,
    "DevComment": "Appellation"
  },
  {
    "id": 20958,
    "DevComment": "Appellation"
  },
  {
    "id": 20959,
    "DevComment": "Appellation"
  },
  {
    "id": 20960,
    "DevComment": "Appellation"
  },
  {
    "id": 20961,
    "DevComment": "Appellation"
  },
  {
    "id": 20962,
    "DevComment": "Appellation"
  },
  {
    "id": 20963,
    "DevComment": "Appellation"
  },
  {
    "id": 20964,
    "DevComment": "Appellation"
  },
  {
    "id": 20965,
    "DevComment": "Appellation"
  },
  {
    "id": 20967,
    "DevComment": "Appellation"
  },
  {
    "id": 20968,
    "DevComment": "Appellation"
  },
  {
    "id": 20969,
    "DevComment": "Appellation"
  },
  {
    "id": 20970,
    "DevComment": "Appellation"
  },
  {
    "id": 20971,
    "DevComment": "Appellation"
  },
  {
    "id": 20972,
    "DevComment": "Appellation"
  },
  {
    "id": 20973,
    "DevComment": "Appellation"
  },
  {
    "id": 20974,
    "DevComment": "Appellation"
  },
  {
    "id": 20975,
    "DevComment": "Appellation"
  },
  {
    "id": 20976,
    "DevComment": "Appellation"
  },
  {
    "id": 20977,
    "DevComment": "Appellation"
  },
  {
    "id": 20978,
    "DevComment": "Appellation"
  },
  {
    "id": 20979,
    "DevComment": "Appellation"
  },
  {
    "id": 20980,
    "DevComment": "Appellation"
  },
  {
    "id": 20981,
    "DevComment": "Appellation"
  },
  {
    "id": 20982,
    "DevComment": "Appellation"
  },
  {
    "id": 20983,
    "DevComment": "Appellation"
  },
  {
    "id": 20985,
    "DevComment": "Appellation"
  },
  {
    "id": 20986,
    "DevComment": "Appellation"
  },
  {
    "id": 20987,
    "DevComment": "Appellation"
  },
  {
    "id": 20988,
    "DevComment": "Appellation"
  },
  {
    "id": 20989,
    "DevComment": "Appellation"
  },
  {
    "id": 20990,
    "DevComment": "Appellation"
  },
  {
    "id": 20991,
    "DevComment": "Appellation"
  },
  {
    "id": 20992,
    "DevComment": "Appellation"
  },
  {
    "id": 20993,
    "DevComment": "Appellation"
  },
  {
    "id": 20994,
    "DevComment": "Appellation"
  },
  {
    "id": 20995,
    "DevComment": "Appellation"
  },
  {
    "id": 20996,
    "DevComment": "Appellation"
  },
  {
    "id": 20997,
    "DevComment": "Appellation"
  },
  {
    "id": 20998,
    "DevComment": "Appellation"
  },
  {
    "id": 21000,
    "DevComment": "Appellation"
  },
  {
    "id": 21001,
    "DevComment": "Appellation"
  },
  {
    "id": 21002,
    "DevComment": "Appellation"
  },
  {
    "id": 21003,
    "DevComment": "Appellation"
  },
  {
    "id": 21004,
    "DevComment": "Appellation"
  },
  {
    "id": 21005,
    "DevComment": "Appellation"
  },
  {
    "id": 21006,
    "DevComment": "Appellation"
  },
  {
    "id": 21007,
    "DevComment": "Appellation"
  },
  {
    "id": 21008,
    "DevComment": "Appellation"
  },
  {
    "id": 21009,
    "DevComment": "Appellation"
  },
  {
    "id": 21010,
    "DevComment": "Appellation"
  },
  {
    "id": 21011,
    "DevComment": "Appellation"
  },
  {
    "id": 21012,
    "DevComment": "Appellation"
  },
  {
    "id": 21013,
    "DevComment": "Appellation"
  },
  {
    "id": 21014,
    "DevComment": "Appellation"
  },
  {
    "id": 21015,
    "DevComment": "Appellation"
  },
  {
    "id": 21016,
    "DevComment": "Appellation"
  },
  {
    "id": 21017,
    "DevComment": "Appellation"
  },
  {
    "id": 21018,
    "DevComment": "Appellation"
  },
  {
    "id": 21019,
    "DevComment": "Appellation"
  },
  {
    "id": 21107,
    "DevComment": "Appellation"
  },
  {
    "id": 21108,
    "DevComment": "Appellation"
  },
  {
    "id": 21109,
    "DevComment": "Appellation"
  },
  {
    "id": 21110,
    "DevComment": "Appellation"
  },
  {
    "id": 21111,
    "DevComment": "Appellation"
  },
  {
    "id": 21112,
    "DevComment": "Appellation"
  },
  {
    "id": 21113,
    "DevComment": "Appellation"
  },
  {
    "id": 21114,
    "DevComment": "Appellation"
  },
  {
    "id": 21115,
    "DevComment": "Appellation"
  },
  {
    "id": 21116,
    "DevComment": "Appellation"
  },
  {
    "id": 21117,
    "DevComment": "Appellation"
  },
  {
    "id": 21118,
    "DevComment": "Appellation"
  },
  {
    "id": 21119,
    "DevComment": "Appellation"
  },
  {
    "id": 21120,
    "DevComment": "Appellation"
  },
  {
    "id": 21121,
    "DevComment": "Appellation"
  },
  {
    "id": 21122,
    "DevComment": "Appellation"
  },
  {
    "id": 21123,
    "DevComment": "Appellation"
  },
  {
    "id": 21124,
    "DevComment": "Appellation"
  },
  {
    "id": 21125,
    "DevComment": "Appellation"
  },
  {
    "id": 21126,
    "DevComment": "Appellation"
  },
  {
    "id": 21127,
    "DevComment": "Appellation"
  },
  {
    "id": 21128,
    "DevComment": "Appellation"
  },
  {
    "id": 21129,
    "DevComment": "Appellation"
  },
  {
    "id": 21131,
    "DevComment": "Appellation"
  },
  {
    "id": 21132,
    "DevComment": "Appellation"
  },
  {
    "id": 21133,
    "DevComment": "Appellation"
  },
  {
    "id": 21135,
    "DevComment": "Appellation"
  },
  {
    "id": 21136,
    "DevComment": "Appellation"
  },
  {
    "id": 21137,
    "DevComment": "Appellation"
  },
  {
    "id": 21138,
    "DevComment": "Appellation"
  },
  {
    "id": 21139,
    "DevComment": "Appellation"
  },
  {
    "id": 21140,
    "DevComment": "Appellation"
  },
  {
    "id": 21141,
    "DevComment": "Appellation"
  },
  {
    "id": 21142,
    "DevComment": "Appellation"
  },
  {
    "id": 21143,
    "DevComment": "Appellation"
  },
  {
    "id": 21144,
    "DevComment": "Appellation"
  },
  {
    "id": 21145,
    "DevComment": "Appellation"
  },
  {
    "id": 21146,
    "DevComment": "Appellation"
  },
  {
    "id": 21147,
    "DevComment": "Appellation"
  },
  {
    "id": 21148,
    "DevComment": "Appellation"
  },
  {
    "id": 21149,
    "DevComment": "Appellation"
  },
  {
    "id": 21150,
    "DevComment": "Appellation"
  },
  {
    "id": 21151,
    "DevComment": "Appellation"
  },
  {
    "id": 21152,
    "DevComment": "Appellation"
  },
  {
    "id": 21153,
    "DevComment": "Appellation"
  },
  {
    "id": 21154,
    "DevComment": "Appellation"
  },
  {
    "id": 21155,
    "DevComment": "Appellation"
  },
  {
    "id": 21156,
    "DevComment": "Appellation"
  },
  {
    "id": 21157,
    "DevComment": "Appellation"
  },
  {
    "id": 21158,
    "DevComment": "Appellation"
  },
  {
    "id": 21159,
    "DevComment": "Appellation"
  },
  {
    "id": 21160,
    "DevComment": "Appellation"
  },
  {
    "id": 21161,
    "DevComment": "Appellation"
  },
  {
    "id": 21162,
    "DevComment": "Appellation"
  },
  {
    "id": 21163,
    "DevComment": "Appellation"
  },
  {
    "id": 21164,
    "DevComment": "Appellation"
  },
  {
    "id": 21165,
    "DevComment": "Appellation"
  },
  {
    "id": 21166,
    "DevComment": "Appellation"
  },
  {
    "id": 21167,
    "DevComment": "Appellation"
  },
  {
    "id": 21168,
    "DevComment": "Appellation"
  },
  {
    "id": 21169,
    "DevComment": "Appellation"
  },
  {
    "id": 21170,
    "DevComment": "Appellation"
  },
  {
    "id": 21171,
    "DevComment": "Appellation"
  },
  {
    "id": 21172,
    "DevComment": "Appellation"
  },
  {
    "id": 21173,
    "DevComment": "Appellation"
  },
  {
    "id": 21174,
    "DevComment": "Appellation"
  },
  {
    "id": 21175,
    "DevComment": "Appellation"
  },
  {
    "id": 21176,
    "DevComment": "Appellation"
  },
  {
    "id": 21177,
    "DevComment": "Appellation"
  },
  {
    "id": 21178,
    "DevComment": "Appellation"
  },
  {
    "id": 21179,
    "DevComment": "Appellation"
  },
  {
    "id": 21180,
    "DevComment": "Appellation"
  },
  {
    "id": 21182,
    "DevComment": "Appellation"
  },
  {
    "id": 21183,
    "DevComment": "Appellation"
  },
  {
    "id": 21184,
    "DevComment": "Appellation"
  },
  {
    "id": 21187,
    "DevComment": "Appellation"
  },
  {
    "id": 21188,
    "DevComment": "Appellation"
  },
  {
    "id": 21189,
    "DevComment": "Appellation"
  },
  {
    "id": 21191,
    "DevComment": "Appellation"
  },
  {
    "id": 21192,
    "DevComment": "Appellation"
  },
  {
    "id": 21195,
    "DevComment": "Appellation"
  },
  {
    "id": 21196,
    "DevComment": "Appellation"
  },
  {
    "id": 21197,
    "DevComment": "Appellation"
  },
  {
    "id": 21198,
    "DevComment": "Appellation"
  },
  {
    "id": 21199,
    "DevComment": "Appellation"
  },
  {
    "id": 21200,
    "DevComment": "Appellation"
  },
  {
    "id": 21202,
    "DevComment": "Appellation"
  },
  {
    "id": 21203,
    "DevComment": "Appellation"
  },
  {
    "id": 21204,
    "DevComment": "Appellation"
  },
  {
    "id": 21807,
    "DevComment": "Appellation"
  },
  {
    "id": 21808,
    "DevComment": "Appellation"
  },
  {
    "id": 21809,
    "DevComment": "Appellation"
  },
  {
    "id": 21810,
    "DevComment": "Appellation"
  },
  {
    "id": 21811,
    "DevComment": "Appellation"
  },
  {
    "id": 21812,
    "DevComment": "Appellation"
  },
  {
    "id": 21814,
    "DevComment": "Appellation"
  },
  {
    "id": 22473,
    "DevComment": "Adjective"
  }
]
