﻿[
  {
    "id": 1008,
    "DevComment": "Noun"
  },
  {
    "id": 1009,
    "DevComment": "Noun"
  },
  {
    "id": 1010,
    "DevComment": "Noun"
  },
  {
    "id": 1011,
    "DevComment": "Noun"
  },
  {
    "id": 1013,
    "DevComment": "Noun"
  },
  {
    "id": 1016,
    "DevComment": "Noun"
  },
  {
    "id": 1017,
    "DevComment": "Noun"
  },
  {
    "id": 1018,
    "DevComment": "Noun"
  },
  {
    "id": 2890,
    "DevComment": "Noun"
  },
  {
    "id": 2891,
    "DevComment": "Noun"
  },
  {
    "id": 2892,
    "DevComment": "Noun"
  },
  {
    "id": 2893,
    "DevComment": "Noun"
  },
  {
    "id": 2894,
    "DevComment": "Noun"
  },
  {
    "id": 2896,
    "DevComment": "Noun"
  },
  {
    "id": 3022,
    "DevComment": "Noun"
  },
  {
    "id": 3023,
    "DevComment": "Noun"
  },
  {
    "id": 3024,
    "DevComment": "Noun"
  },
  {
    "id": 3025,
    "DevComment": "Noun"
  },
  {
    "id": 3026,
    "DevComment": "Noun"
  },
  {
    "id": 3027,
    "DevComment": "Noun"
  },
  {
    "id": 3029,
    "DevComment": "Noun"
  },
  {
    "id": 3030,
    "DevComment": "Noun"
  },
  {
    "id": 3031,
    "DevComment": "Noun"
  },
  {
    "id": 3032,
    "DevComment": "Noun"
  },
  {
    "id": 3112,
    "DevComment": "Noun"
  },
  {
    "id": 3113,
    "DevComment": "Noun"
  },
  {
    "id": 3114,
    "DevComment": "Noun"
  },
  {
    "id": 22476,
    "DevComment": "Noun"
  },
  {
    "id": 22477,
    "DevComment": "Noun"
  },
  {
    "id": 22478,
    "DevComment": "Noun"
  },
  {
    "id": 22479,
    "DevComment": "Noun"
  },
  {
    "id": 22480,
    "DevComment": "Noun"
  },
  {
    "id": 22481,
    "DevComment": "Noun"
  },
  {
    "id": 22482,
    "DevComment": "Noun"
  },
  {
    "id": 22483,
    "DevComment": "Noun"
  }
]
