﻿[
  {
    "id": 2442,
    "DevComment": "Noun"
  },
  {
    "id": 4006,
    "DevComment": "Noun"
  },
  {
    "id": 27113,
    "DevComment": "DO NOT TRANSLATE"
  },
  {
    "id": 27114,
    "DevComment": "DO NOT TRANSLATE"
  },
  {
    "id": 27115,
    "DevComment": "DO NOT TRANSLATE"
  },
  {
    "id": 27116,
    "DevComment": "DO NOT TRANSLATE"
  },
  {
    "id": 27117,
    "DevComment": "DO NOT TRANSLATE"
  },
  {
    "id": 27118,
    "DevComment": "DO NOT TRANSLATE"
  },
  {
    "id": 27119,
    "DevComment": "DO NOT TRANSLATE"
  },
  {
    "id": 27120,
    "DevComment": "DO NOT TRANSLATE"
  },
  {
    "id": 27121,
    "DevComment": "DO NOT TRANSLATE"
  }
]
