﻿[
  {
    "id": 11163,
    "DevComment": "Noun"
  },
  {
    "id": 3537,
    "DevComment": "2.4 Balance Change"
  },
  {
    "id": 3545,
    "DevComment": "2.4 Balance Change"
  },
  {
    "id": 3577,
    "DevComment": "2.4 Balance Change"
  },
  {
    "id": 3581,
    "DevComment": "2.4 Balance Change"
  },
  {
    "id": 3583,
    "DevComment": "2.4 Balance Change"
  },
  {
    "id": 3585,
    "DevComment": "2.4 Balance Change"
  },
  {
    "id": 3587,
    "DevComment": "2.4 Balance Change"
  },
  {
    "id": 3591,
    "DevComment": "2.4 Balance Change"
  },
  {
    "id": 3607,
    "DevComment": "2.4 Balance Change"
  },
  {
    "id": 11034,
    "DevComment": "2.4 Balance Change"
  }
]
