﻿[
  {
    "id": 1062,
    "DevComment": "Unique Item"
  },
  {
    "id": 1063,
    "DevComment": "Unique Item"
  },
  {
    "id": 1930,
    "DevComment": "Normal Item, Noun"
  },
  {
    "id": 1931,
    "DevComment": "Normal Item, Noun"
  },
  {
    "id": 1932,
    "DevComment": "Normal Item, Noun"
  },
  {
    "id": 1933,
    "DevComment": "Normal Item, Noun"
  },
  {
    "id": 1934,
    "DevComment": "Normal Item, Noun"
  },
  {
    "id": 1935,
    "DevComment": "Normal Item, Noun"
  },
  {
    "id": 1936,
    "DevComment": "Normal Item, Noun"
  },
  {
    "id": 1937,
    "DevComment": "Normal Item, Noun"
  },
  {
    "id": 1938,
    "DevComment": "Normal Item, Noun"
  },
  {
    "id": 1939,
    "DevComment": "Normal Item, Noun"
  },
  {
    "id": 1940,
    "DevComment": "Normal Item, Noun"
  },
  {
    "id": 1941,
    "DevComment": "Normal Item, Noun"
  },
  {
    "id": 1942,
    "DevComment": "Normal Item, Noun"
  },
  {
    "id": 1943,
    "DevComment": "Normal Item, Noun"
  },
  {
    "id": 1944,
    "DevComment": "Normal Item, Noun"
  },
  {
    "id": 1945,
    "DevComment": "Normal Item, Noun"
  },
  {
    "id": 1946,
    "DevComment": "Normal Item, Noun"
  },
  {
    "id": 1947,
    "DevComment": "Normal Item, Noun"
  },
  {
    "id": 1948,
    "DevComment": "Normal Item, Noun"
  },
  {
    "id": 1949,
    "DevComment": "Normal Item, Noun"
  },
  {
    "id": 1950,
    "DevComment": "Normal Item, Noun"
  },
  {
    "id": 1951,
    "DevComment": "Normal Item, Noun"
  },
  {
    "id": 1952,
    "DevComment": "Normal Item, Noun"
  },
  {
    "id": 1953,
    "DevComment": "Normal Item, Noun"
  },
  {
    "id": 1954,
    "DevComment": "Normal Item, Noun"
  },
  {
    "id": 1955,
    "DevComment": "Normal Item, Noun"
  },
  {
    "id": 1956,
    "DevComment": "Normal Item, Noun"
  },
  {
    "id": 1957,
    "DevComment": "Normal Item, Noun"
  },
  {
    "id": 1958,
    "DevComment": "Normal Item, Noun"
  },
  {
    "id": 1959,
    "DevComment": "Normal Item, Noun"
  },
  {
    "id": 1960,
    "DevComment": "Normal Item, Noun"
  },
  {
    "id": 1961,
    "DevComment": "Normal Item, Noun"
  },
  {
    "id": 1962,
    "DevComment": "Normal Item, Noun"
  },
  {
    "id": 1963,
    "DevComment": "Normal Item, Noun"
  },
  {
    "id": 1964,
    "DevComment": "Normal Item, Noun"
  },
  {
    "id": 1965,
    "DevComment": "Normal Item, Noun"
  },
  {
    "id": 1966,
    "DevComment": "Normal Item, Noun"
  },
  {
    "id": 1967,
    "DevComment": "Normal Item, Noun"
  },
  {
    "id": 1968,
    "DevComment": "Normal Item, Noun"
  },
  {
    "id": 1969,
    "DevComment": "Normal Item, Noun"
  },
  {
    "id": 1970,
    "DevComment": "Normal Item, Noun"
  },
  {
    "id": 1971,
    "DevComment": "Normal Item, Noun"
  },
  {
    "id": 1972,
    "DevComment": "Normal Item, Noun"
  },
  {
    "id": 1973,
    "DevComment": "Normal Item, Noun"
  },
  {
    "id": 1974,
    "DevComment": "Normal Item, Noun"
  },
  {
    "id": 1975,
    "DevComment": "Normal Item, Noun"
  },
  {
    "id": 1976,
    "DevComment": "Normal Item, Noun"
  },
  {
    "id": 1977,
    "DevComment": "Normal Item, Noun"
  },
  {
    "id": 1978,
    "DevComment": "Normal Item, Noun"
  },
  {
    "id": 1979,
    "DevComment": "Normal Item, Noun"
  },
  {
    "id": 1980,
    "DevComment": "Normal Item, Noun"
  },
  {
    "id": 1981,
    "DevComment": "Normal Item, Noun"
  },
  {
    "id": 1982,
    "DevComment": "Normal Item, Noun"
  },
  {
    "id": 1983,
    "DevComment": "Normal Item, Noun"
  },
  {
    "id": 1984,
    "DevComment": "Normal Item, Noun"
  },
  {
    "id": 1985,
    "DevComment": "Normal Item, Noun"
  },
  {
    "id": 1986,
    "DevComment": "Normal Item, Noun"
  },
  {
    "id": 1987,
    "DevComment": "Normal Item, Noun"
  },
  {
    "id": 1988,
    "DevComment": "Normal Item, Noun"
  },
  {
    "id": 1989,
    "DevComment": "Normal Item, Noun"
  },
  {
    "id": 1990,
    "DevComment": "Normal Item, Noun"
  },
  {
    "id": 1991,
    "DevComment": "Normal Item, Noun"
  },
  {
    "id": 1992,
    "DevComment": "Normal Item, Noun"
  },
  {
    "id": 1993,
    "DevComment": "Normal Item, Noun"
  },
  {
    "id": 1994,
    "DevComment": "Normal Item, Noun"
  },
  {
    "id": 1995,
    "DevComment": "Normal Item, Noun"
  },
  {
    "id": 1996,
    "DevComment": "Normal Item, Noun"
  },
  {
    "id": 1997,
    "DevComment": "Normal Item, Noun"
  },
  {
    "id": 1998,
    "DevComment": "Normal Item, Noun"
  },
  {
    "id": 1999,
    "DevComment": "Normal Item, Noun"
  },
  {
    "id": 2000,
    "DevComment": "Normal Item, Noun"
  },
  {
    "id": 2001,
    "DevComment": "Normal Item, Noun"
  },
  {
    "id": 2002,
    "DevComment": "Normal Item, Noun"
  },
  {
    "id": 2003,
    "DevComment": "Normal Item, Noun"
  },
  {
    "id": 2004,
    "DevComment": "Normal Item, Noun"
  },
  {
    "id": 2005,
    "DevComment": "Normal Item, Noun"
  },
  {
    "id": 2006,
    "DevComment": "Normal Item, Noun"
  },
  {
    "id": 2007,
    "DevComment": "Normal Item, Noun"
  },
  {
    "id": 2008,
    "DevComment": "Normal Item, Noun"
  },
  {
    "id": 2009,
    "DevComment": "Normal Item, Noun"
  },
  {
    "id": 2010,
    "DevComment": "Normal Item, Noun"
  },
  {
    "id": 2011,
    "DevComment": "Normal Item, Noun"
  },
  {
    "id": 2012,
    "DevComment": "Normal Item, Noun"
  },
  {
    "id": 2013,
    "DevComment": "Normal Item, Noun"
  },
  {
    "id": 2014,
    "DevComment": "Normal Item, Noun"
  },
  {
    "id": 2015,
    "DevComment": "Normal Item, Noun"
  },
  {
    "id": 2016,
    "DevComment": "Normal Item, Noun"
  },
  {
    "id": 2017,
    "DevComment": "Normal Item, Noun"
  },
  {
    "id": 2018,
    "DevComment": "Normal Item, Noun"
  },
  {
    "id": 2019,
    "DevComment": "Normal Item, Noun"
  },
  {
    "id": 2020,
    "DevComment": "Normal Item, Noun"
  },
  {
    "id": 2021,
    "DevComment": "Normal Item, Noun"
  },
  {
    "id": 2022,
    "DevComment": "Normal Item, Noun"
  },
  {
    "id": 2023,
    "DevComment": "Normal Item, Noun"
  },
  {
    "id": 2024,
    "DevComment": "Normal Item, Noun"
  },
  {
    "id": 2025,
    "DevComment": "Normal Item, Noun"
  },
  {
    "id": 2026,
    "DevComment": "Normal Item, Noun"
  },
  {
    "id": 2027,
    "DevComment": "Normal Item, Noun"
  },
  {
    "id": 2028,
    "DevComment": "Normal Item, Noun"
  },
  {
    "id": 2029,
    "DevComment": "Normal Item, Noun"
  },
  {
    "id": 2030,
    "DevComment": "Normal Item, Noun"
  },
  {
    "id": 2031,
    "DevComment": "Normal Item, Noun"
  },
  {
    "id": 2032,
    "DevComment": "Normal Item, Noun"
  },
  {
    "id": 2033,
    "DevComment": "Normal Item, Noun"
  },
  {
    "id": 2034,
    "DevComment": "Normal Item, Noun"
  },
  {
    "id": 2035,
    "DevComment": "Normal Item, Noun"
  },
  {
    "id": 2036,
    "DevComment": "Normal Item, Noun"
  },
  {
    "id": 2037,
    "DevComment": "Normal Item, Noun"
  },
  {
    "id": 2038,
    "DevComment": "Normal Item, Noun"
  },
  {
    "id": 2039,
    "DevComment": "Normal Item, Noun"
  },
  {
    "id": 2040,
    "DevComment": "Normal Item, Noun"
  },
  {
    "id": 2041,
    "DevComment": "Normal Item, Noun"
  },
  {
    "id": 2042,
    "DevComment": "Normal Item, Noun"
  },
  {
    "id": 2043,
    "DevComment": "Normal Item, Noun"
  },
  {
    "id": 2044,
    "DevComment": "Normal Item, Noun"
  },
  {
    "id": 2045,
    "DevComment": "Normal Item, Noun"
  },
  {
    "id": 2046,
    "DevComment": "Normal Item, Noun"
  },
  {
    "id": 2047,
    "DevComment": "Normal Item, Noun"
  },
  {
    "id": 2048,
    "DevComment": "Normal Item, Noun"
  },
  {
    "id": 2049,
    "DevComment": "Normal Item, Noun"
  },
  {
    "id": 2050,
    "DevComment": "Normal Item, Noun"
  },
  {
    "id": 2051,
    "DevComment": "Normal Item, Noun"
  },
  {
    "id": 2052,
    "DevComment": "Normal Item, Noun"
  },
  {
    "id": 2053,
    "DevComment": "Normal Item, Noun"
  },
  {
    "id": 2054,
    "DevComment": "Normal Item, Noun"
  },
  {
    "id": 2055,
    "DevComment": "Normal Item, Noun"
  },
  {
    "id": 2056,
    "DevComment": "Normal Item, Noun"
  },
  {
    "id": 2057,
    "DevComment": "Normal Item, Noun"
  },
  {
    "id": 2058,
    "DevComment": "Normal Item, Noun"
  },
  {
    "id": 2059,
    "DevComment": "Normal Item, Noun"
  },
  {
    "id": 2060,
    "DevComment": "Normal Item, Noun"
  },
  {
    "id": 2061,
    "DevComment": "Normal Item, Noun"
  },
  {
    "id": 2062,
    "DevComment": "Normal Item, Noun"
  },
  {
    "id": 2063,
    "DevComment": "Normal Item, Noun"
  },
  {
    "id": 2064,
    "DevComment": "Normal Item, Noun"
  },
  {
    "id": 2065,
    "DevComment": "Normal Item, Noun"
  },
  {
    "id": 2066,
    "DevComment": "Normal Item, Noun"
  },
  {
    "id": 2067,
    "DevComment": "Normal Item, Noun"
  },
  {
    "id": 2068,
    "DevComment": "Normal Item, Noun"
  },
  {
    "id": 2070,
    "DevComment": "Normal Item, Noun"
  },
  {
    "id": 2071,
    "DevComment": "Normal Item, Noun"
  },
  {
    "id": 2072,
    "DevComment": "Normal Item, Noun"
  },
  {
    "id": 2073,
    "DevComment": "Normal Item, Noun"
  },
  {
    "id": 2074,
    "DevComment": "Normal Item, Noun"
  },
  {
    "id": 2075,
    "DevComment": "Normal Item, Noun"
  },
  {
    "id": 2076,
    "DevComment": "Normal Item, Noun"
  },
  {
    "id": 2077,
    "DevComment": "Normal Item, Noun"
  },
  {
    "id": 2078,
    "DevComment": "Normal Item, Noun"
  },
  {
    "id": 2079,
    "DevComment": "Normal Item, Noun"
  },
  {
    "id": 2080,
    "DevComment": "Normal Item, Noun"
  },
  {
    "id": 2081,
    "DevComment": "Normal Item, Noun"
  },
  {
    "id": 2082,
    "DevComment": "Normal Item, Noun"
  },
  {
    "id": 2083,
    "DevComment": "Normal Item, Noun"
  },
  {
    "id": 2084,
    "DevComment": "Normal Item, Noun"
  },
  {
    "id": 2085,
    "DevComment": "Normal Item, Noun"
  },
  {
    "id": 2086,
    "DevComment": "Normal Item, Noun"
  },
  {
    "id": 2087,
    "DevComment": "Normal Item, Noun"
  },
  {
    "id": 2088,
    "DevComment": "Normal Item, Noun"
  },
  {
    "id": 2089,
    "DevComment": "Normal Item, Noun"
  },
  {
    "id": 2090,
    "DevComment": "Normal Item, Noun"
  },
  {
    "id": 2091,
    "DevComment": "Normal Item, Noun"
  },
  {
    "id": 2092,
    "DevComment": "Normal Item, Noun"
  },
  {
    "id": 2093,
    "DevComment": "Normal Item, Noun"
  },
  {
    "id": 2094,
    "DevComment": "Normal Item, Noun"
  },
  {
    "id": 2095,
    "DevComment": "Normal Item, Noun"
  },
  {
    "id": 2096,
    "DevComment": "Normal Item, Noun"
  },
  {
    "id": 2098,
    "DevComment": "Normal Item, Noun"
  },
  {
    "id": 2099,
    "DevComment": "Normal Item, Noun"
  },
  {
    "id": 2100,
    "DevComment": "Normal Item, Noun"
  },
  {
    "id": 2101,
    "DevComment": "Normal Item, Noun"
  },
  {
    "id": 2102,
    "DevComment": "Normal Item, Noun"
  },
  {
    "id": 2103,
    "DevComment": "Noun"
  },
  {
    "id": 2104,
    "DevComment": "Normal Item, Noun"
  },
  {
    "id": 2105,
    "DevComment": "Normal Item, Noun"
  },
  {
    "id": 2106,
    "DevComment": "Normal Item, Noun"
  },
  {
    "id": 2107,
    "DevComment": "Normal Item, Noun"
  },
  {
    "id": 2108,
    "DevComment": "Noun"
  },
  {
    "id": 2109,
    "DevComment": "Normal Item, Noun"
  },
  {
    "id": 2110,
    "DevComment": "Normal Item, Noun"
  },
  {
    "id": 2111,
    "DevComment": "Normal Item, Noun"
  },
  {
    "id": 2112,
    "DevComment": "Normal Item, Noun"
  },
  {
    "id": 2113,
    "DevComment": "Normal Item, Noun"
  },
  {
    "id": 2114,
    "DevComment": "Normal Item, Noun"
  },
  {
    "id": 2115,
    "DevComment": "Normal Item, Noun"
  },
  {
    "id": 2116,
    "DevComment": "Normal Item, Noun"
  },
  {
    "id": 2117,
    "DevComment": "Normal Item, Noun"
  },
  {
    "id": 2118,
    "DevComment": "Normal Item, Noun"
  },
  {
    "id": 2119,
    "DevComment": "Normal Item, Noun"
  },
  {
    "id": 2120,
    "DevComment": "Normal Item, Noun"
  },
  {
    "id": 2121,
    "DevComment": "Normal Item, Noun"
  },
  {
    "id": 2122,
    "DevComment": "Normal Item, Noun"
  },
  {
    "id": 2123,
    "DevComment": "Normal Item, Noun"
  },
  {
    "id": 2124,
    "DevComment": "Normal Item, Noun"
  },
  {
    "id": 2125,
    "DevComment": "Normal Item, Noun"
  },
  {
    "id": 2126,
    "DevComment": "Normal Item, Noun"
  },
  {
    "id": 2127,
    "DevComment": "Normal Item, Noun"
  },
  {
    "id": 2128,
    "DevComment": "Normal Item, Noun"
  },
  {
    "id": 2129,
    "DevComment": "Normal Item, Noun"
  },
  {
    "id": 2130,
    "DevComment": "Normal Item, Noun"
  },
  {
    "id": 2131,
    "DevComment": "Normal Item, Noun"
  },
  {
    "id": 2132,
    "DevComment": "Normal Item, Noun"
  },
  {
    "id": 2133,
    "DevComment": "Normal Item, Noun"
  },
  {
    "id": 2134,
    "DevComment": "Normal Item, Noun"
  },
  {
    "id": 2135,
    "DevComment": "Normal Item, Noun"
  },
  {
    "id": 2136,
    "DevComment": "Normal Item, Noun"
  },
  {
    "id": 2137,
    "DevComment": "Normal Item, Noun"
  },
  {
    "id": 2138,
    "DevComment": "Normal Item, Noun"
  },
  {
    "id": 2140,
    "DevComment": "Normal Item, Noun"
  },
  {
    "id": 2141,
    "DevComment": "Normal Item, Noun"
  },
  {
    "id": 2142,
    "DevComment": "Normal Item, Noun"
  },
  {
    "id": 2143,
    "DevComment": "Normal Item, Noun"
  },
  {
    "id": 2144,
    "DevComment": "Normal Item, Noun"
  },
  {
    "id": 2145,
    "DevComment": "Normal Item, Noun"
  },
  {
    "id": 2146,
    "DevComment": "Normal Item, Noun"
  },
  {
    "id": 2147,
    "DevComment": "Noun"
  },
  {
    "id": 2148,
    "DevComment": "Normal Item, Noun"
  },
  {
    "id": 2149,
    "DevComment": "Normal Item, Noun"
  },
  {
    "id": 2150,
    "DevComment": "Normal Item, Noun"
  },
  {
    "id": 2151,
    "DevComment": "Normal Item, Noun"
  },
  {
    "id": 2152,
    "DevComment": "Normal Item, Noun"
  },
  {
    "id": 2153,
    "DevComment": "Normal Item, Noun"
  },
  {
    "id": 2154,
    "DevComment": "Normal Item, Noun"
  },
  {
    "id": 2155,
    "DevComment": "Normal Item, Noun"
  },
  {
    "id": 2156,
    "DevComment": "Normal Item, Noun"
  },
  {
    "id": 2157,
    "DevComment": "Normal Item, Noun"
  },
  {
    "id": 2158,
    "DevComment": "Normal Item, Noun"
  },
  {
    "id": 2159,
    "DevComment": "Normal Item, Noun"
  },
  {
    "id": 2160,
    "DevComment": "Normal Item, Noun"
  },
  {
    "id": 2161,
    "DevComment": "Normal Item, Noun"
  },
  {
    "id": 2162,
    "DevComment": "Normal Item, Noun"
  },
  {
    "id": 2163,
    "DevComment": "Normal Item, Noun"
  },
  {
    "id": 2164,
    "DevComment": "Normal Item, Noun"
  },
  {
    "id": 2165,
    "DevComment": "Normal Item, Noun"
  },
  {
    "id": 2166,
    "DevComment": "Normal Item, Noun"
  },
  {
    "id": 2167,
    "DevComment": "Normal Item, Noun"
  },
  {
    "id": 2168,
    "DevComment": "Normal Item, Noun"
  },
  {
    "id": 2169,
    "DevComment": "Normal Item, Noun"
  },
  {
    "id": 2170,
    "DevComment": "Normal Item, Noun"
  },
  {
    "id": 2171,
    "DevComment": "Normal Item, Noun"
  },
  {
    "id": 2172,
    "DevComment": "Normal Item, Noun"
  },
  {
    "id": 2173,
    "DevComment": "Normal Item, Noun"
  },
  {
    "id": 2174,
    "DevComment": "Normal Item, Noun"
  },
  {
    "id": 2175,
    "DevComment": "Normal Item, Noun"
  },
  {
    "id": 2176,
    "DevComment": "Normal Item, Noun"
  },
  {
    "id": 2177,
    "DevComment": "Normal Item, Noun"
  },
  {
    "id": 2178,
    "DevComment": "Normal Item, Noun"
  },
  {
    "id": 2179,
    "DevComment": "Normal Item, Noun"
  },
  {
    "id": 2180,
    "DevComment": "Normal Item, Noun"
  },
  {
    "id": 2181,
    "DevComment": "Normal Item, Noun"
  },
  {
    "id": 2182,
    "DevComment": "Normal Item"
  },
  {
    "id": 2183,
    "DevComment": "Normal Item"
  },
  {
    "id": 2184,
    "DevComment": "Normal Item"
  },
  {
    "id": 2185,
    "DevComment": "Normal Item"
  },
  {
    "id": 2186,
    "DevComment": "Normal Item"
  },
  {
    "id": 2187,
    "DevComment": "Normal Item"
  },
  {
    "id": 2188,
    "DevComment": "Normal Item"
  },
  {
    "id": 2191,
    "DevComment": "Normal Item"
  },
  {
    "id": 2192,
    "DevComment": "Normal Item"
  },
  {
    "id": 2193,
    "DevComment": "Normal Item"
  },
  {
    "id": 2198,
    "DevComment": "Noun"
  },
  {
    "id": 2199,
    "DevComment": "Book"
  },
  {
    "id": 2201,
    "DevComment": "Book"
  },
  {
    "id": 2212,
    "DevComment": "Noun"
  },
  {
    "id": 2214,
    "DevComment": "Noun"
  },
  {
    "id": 2218,
    "DevComment": "Normal Item"
  },
  {
    "id": 2219,
    "DevComment": "Normal Item"
  },
  {
    "id": 2220,
    "DevComment": "Normal Item"
  },
  {
    "id": 2221,
    "DevComment": "Normal Item"
  },
  {
    "id": 2222,
    "DevComment": "Normal Item"
  },
  {
    "id": 2236,
    "DevComment": "Gem"
  },
  {
    "id": 2237,
    "DevComment": "Gem"
  },
  {
    "id": 2238,
    "DevComment": "Gem"
  },
  {
    "id": 2239,
    "DevComment": "Gem"
  },
  {
    "id": 2240,
    "DevComment": "Gem"
  },
  {
    "id": 2241,
    "DevComment": "Gem"
  },
  {
    "id": 2242,
    "DevComment": "Gem"
  },
  {
    "id": 2243,
    "DevComment": "Gem"
  },
  {
    "id": 2244,
    "DevComment": "Gem"
  },
  {
    "id": 2245,
    "DevComment": "Gem"
  },
  {
    "id": 2246,
    "DevComment": "Gem"
  },
  {
    "id": 2247,
    "DevComment": "Gem"
  },
  {
    "id": 2249,
    "DevComment": "Gem"
  },
  {
    "id": 2250,
    "DevComment": "Gem"
  },
  {
    "id": 2251,
    "DevComment": "Gem"
  },
  {
    "id": 2252,
    "DevComment": "Gem"
  },
  {
    "id": 2253,
    "DevComment": "Gem"
  },
  {
    "id": 2255,
    "DevComment": "Gem"
  },
  {
    "id": 2256,
    "DevComment": "Gem"
  },
  {
    "id": 2257,
    "DevComment": "Gem"
  },
  {
    "id": 2259,
    "DevComment": "Gem"
  },
  {
    "id": 2260,
    "DevComment": "Gem"
  },
  {
    "id": 2261,
    "DevComment": "Gem"
  },
  {
    "id": 2262,
    "DevComment": "Gem"
  },
  {
    "id": 2264,
    "DevComment": "Gem"
  },
  {
    "id": 2265,
    "DevComment": "Gem"
  },
  {
    "id": 2266,
    "DevComment": "Potion"
  },
  {
    "id": 2267,
    "DevComment": "Potion"
  },
  {
    "id": 2268,
    "DevComment": "Potion"
  },
  {
    "id": 2269,
    "DevComment": "Potion"
  },
  {
    "id": 2270,
    "DevComment": "Potion"
  },
  {
    "id": 2271,
    "DevComment": "Potion"
  },
  {
    "id": 2272,
    "DevComment": "Potion"
  },
  {
    "id": 2273,
    "DevComment": "Potion"
  },
  {
    "id": 2274,
    "DevComment": "Potion"
  },
  {
    "id": 2275,
    "DevComment": "Potion"
  },
  {
    "id": 2277,
    "DevComment": "Gem"
  },
  {
    "id": 2278,
    "DevComment": "Gem"
  },
  {
    "id": 2279,
    "DevComment": "Gem"
  },
  {
    "id": 2280,
    "DevComment": "Gem"
  },
  {
    "id": 2281,
    "DevComment": "Gem"
  },
  {
    "id": 2284,
    "DevComment": "Adjective"
  },
  {
    "id": 2308,
    "DevComment": "Adjective"
  },
  {
    "id": 2317,
    "DevComment": "Rune, Adjective"
  },
  {
    "id": 2334,
    "DevComment": "Noun"
  },
  {
    "id": 2379,
    "DevComment": "Noun"
  },
  {
    "id": 2384,
    "DevComment": "Noun"
  },
  {
    "id": 2385,
    "DevComment": "Noun"
  },
  {
    "id": 2386,
    "DevComment": "Normal Item, Noun"
  },
  {
    "id": 2387,
    "DevComment": "Noun"
  },
  {
    "id": 2388,
    "DevComment": "Noun"
  },
  {
    "id": 2389,
    "DevComment": "Normal Item, Noun"
  },
  {
    "id": 2390,
    "DevComment": "Noun"
  },
  {
    "id": 2391,
    "DevComment": "Normal Item, Noun"
  },
  {
    "id": 2392,
    "DevComment": "Noun"
  },
  {
    "id": 2393,
    "DevComment": "Noun"
  },
  {
    "id": 2394,
    "DevComment": "Noun"
  },
  {
    "id": 2395,
    "DevComment": "Noun"
  },
  {
    "id": 2396,
    "DevComment": "Noun"
  },
  {
    "id": 2397,
    "DevComment": "Noun"
  },
  {
    "id": 2398,
    "DevComment": "Noun"
  },
  {
    "id": 2399,
    "DevComment": "Noun"
  },
  {
    "id": 2400,
    "DevComment": "Noun"
  },
  {
    "id": 2401,
    "DevComment": "Noun"
  },
  {
    "id": 2402,
    "DevComment": "Noun"
  },
  {
    "id": 2403,
    "DevComment": "Noun"
  },
  {
    "id": 2404,
    "DevComment": "Noun"
  },
  {
    "id": 2405,
    "DevComment": "Noun"
  },
  {
    "id": 2406,
    "DevComment": "Noun"
  },
  {
    "id": 2407,
    "DevComment": "Normal Item, Noun"
  },
  {
    "id": 2408,
    "DevComment": "Normal Item, Noun"
  },
  {
    "id": 2409,
    "DevComment": "Noun"
  },
  {
    "id": 2410,
    "DevComment": "Noun"
  },
  {
    "id": 2411,
    "DevComment": "Noun"
  },
  {
    "id": 2412,
    "DevComment": "Noun"
  },
  {
    "id": 2413,
    "DevComment": "Noun"
  },
  {
    "id": 2414,
    "DevComment": "Noun"
  },
  {
    "id": 2415,
    "DevComment": "Noun"
  },
  {
    "id": 2416,
    "DevComment": "Noun"
  },
  {
    "id": 2417,
    "DevComment": "Noun"
  },
  {
    "id": 2418,
    "DevComment": "Noun"
  },
  {
    "id": 2419,
    "DevComment": "Noun"
  },
  {
    "id": 2420,
    "DevComment": "Noun"
  },
  {
    "id": 2421,
    "DevComment": "Noun"
  },
  {
    "id": 2422,
    "DevComment": "Noun"
  },
  {
    "id": 2423,
    "DevComment": "Noun"
  },
  {
    "id": 2424,
    "DevComment": "Noun"
  },
  {
    "id": 2425,
    "DevComment": "Noun"
  },
  {
    "id": 2426,
    "DevComment": "Noun"
  },
  {
    "id": 2427,
    "DevComment": "Noun"
  },
  {
    "id": 2428,
    "DevComment": "Normal Item, Noun"
  },
  {
    "id": 2429,
    "DevComment": "Noun"
  },
  {
    "id": 2430,
    "DevComment": "Noun"
  },
  {
    "id": 2431,
    "DevComment": "Noun"
  },
  {
    "id": 2432,
    "DevComment": "Noun"
  },
  {
    "id": 2433,
    "DevComment": "Noun"
  },
  {
    "id": 2434,
    "DevComment": "Noun"
  },
  {
    "id": 2435,
    "DevComment": "Noun"
  },
  {
    "id": 2436,
    "DevComment": "Noun"
  },
  {
    "id": 2437,
    "DevComment": "Noun"
  },
  {
    "id": 2438,
    "DevComment": "Noun"
  },
  {
    "id": 2439,
    "DevComment": "Noun"
  },
  {
    "id": 2440,
    "DevComment": "Noun"
  },
  {
    "id": 2441,
    "DevComment": "Noun"
  },
  {
    "id": 2443,
    "DevComment": "Noun"
  },
  {
    "id": 2444,
    "DevComment": "Noun"
  },
  {
    "id": 2445,
    "DevComment": "Noun"
  },
  {
    "id": 2446,
    "DevComment": "Noun"
  },
  {
    "id": 2447,
    "DevComment": "Noun"
  },
  {
    "id": 2448,
    "DevComment": "Noun"
  },
  {
    "id": 2449,
    "DevComment": "Noun"
  },
  {
    "id": 2450,
    "DevComment": "Noun"
  },
  {
    "id": 2451,
    "DevComment": "Noun"
  },
  {
    "id": 2452,
    "DevComment": "Noun"
  },
  {
    "id": 2453,
    "DevComment": "Noun"
  },
  {
    "id": 2454,
    "DevComment": "Noun"
  },
  {
    "id": 2455,
    "DevComment": "Noun"
  },
  {
    "id": 2456,
    "DevComment": "Noun"
  },
  {
    "id": 2457,
    "DevComment": "Noun"
  },
  {
    "id": 2458,
    "DevComment": "Noun"
  },
  {
    "id": 2459,
    "DevComment": "Noun"
  },
  {
    "id": 2460,
    "DevComment": "Noun"
  },
  {
    "id": 2461,
    "DevComment": "Noun"
  },
  {
    "id": 2462,
    "DevComment": "Noun"
  },
  {
    "id": 2464,
    "DevComment": "Noun"
  },
  {
    "id": 2465,
    "DevComment": "Rune, Noun"
  },
  {
    "id": 2466,
    "DevComment": "Noun"
  },
  {
    "id": 2467,
    "DevComment": "Normal Item, Noun"
  },
  {
    "id": 2468,
    "DevComment": "Noun"
  },
  {
    "id": 2469,
    "DevComment": "Noun"
  },
  {
    "id": 2470,
    "DevComment": "Noun"
  },
  {
    "id": 2471,
    "DevComment": "Noun"
  },
  {
    "id": 2472,
    "DevComment": "Noun"
  },
  {
    "id": 2473,
    "DevComment": "Noun"
  },
  {
    "id": 2474,
    "DevComment": "Noun"
  },
  {
    "id": 2475,
    "DevComment": "Noun"
  },
  {
    "id": 2476,
    "DevComment": "Noun"
  },
  {
    "id": 2477,
    "DevComment": "Noun"
  },
  {
    "id": 2478,
    "DevComment": "Noun"
  },
  {
    "id": 2479,
    "DevComment": "Noun"
  },
  {
    "id": 2480,
    "DevComment": "Set Item"
  },
  {
    "id": 2482,
    "DevComment": "Set Item"
  },
  {
    "id": 2483,
    "DevComment": "Set Item"
  },
  {
    "id": 2484,
    "DevComment": "Set Item"
  },
  {
    "id": 2485,
    "DevComment": "Set Item"
  },
  {
    "id": 2486,
    "DevComment": "Set Item"
  },
  {
    "id": 2487,
    "DevComment": "Set Item"
  },
  {
    "id": 2488,
    "DevComment": "Set Item"
  },
  {
    "id": 2489,
    "DevComment": "Set Item"
  },
  {
    "id": 2490,
    "DevComment": "Set Item"
  },
  {
    "id": 2491,
    "DevComment": "Set Item"
  },
  {
    "id": 2492,
    "DevComment": "Set Item"
  },
  {
    "id": 2493,
    "DevComment": "Set Item"
  },
  {
    "id": 2494,
    "DevComment": "Set Item"
  },
  {
    "id": 2495,
    "DevComment": "Set Item"
  },
  {
    "id": 2512,
    "DevComment": "Normal Item"
  },
  {
    "id": 2519,
    "DevComment": "Adjective"
  },
  {
    "id": 2520,
    "DevComment": "Normal Item"
  },
  {
    "id": 2538,
    "DevComment": "Normal Item"
  },
  {
    "id": 2540,
    "DevComment": "Noun"
  },
  {
    "id": 2544,
    "DevComment": "Normal Item"
  },
  {
    "id": 2550,
    "DevComment": "Normal Item"
  },
  {
    "id": 2555,
    "DevComment": "Normal Item"
  },
  {
    "id": 2571,
    "DevComment": "Gem"
  },
  {
    "id": 2574,
    "DevComment": "Unique Item"
  },
  {
    "id": 2575,
    "DevComment": "Unique Item"
  },
  {
    "id": 2576,
    "DevComment": "Unique Item"
  },
  {
    "id": 2577,
    "DevComment": "Unique Item"
  },
  {
    "id": 2578,
    "DevComment": "Unique Item"
  },
  {
    "id": 2579,
    "DevComment": "Unique Item"
  },
  {
    "id": 2580,
    "DevComment": "Unique Item"
  },
  {
    "id": 2581,
    "DevComment": "Unique Item"
  },
  {
    "id": 2582,
    "DevComment": "Unique Item"
  },
  {
    "id": 2583,
    "DevComment": "Unique Item"
  },
  {
    "id": 2584,
    "DevComment": "Unique Item"
  },
  {
    "id": 2585,
    "DevComment": "Unique Item"
  },
  {
    "id": 2586,
    "DevComment": "Unique Item"
  },
  {
    "id": 2587,
    "DevComment": "Unique Item"
  },
  {
    "id": 2588,
    "DevComment": "Unique Item"
  },
  {
    "id": 2589,
    "DevComment": "Unique Item"
  },
  {
    "id": 2590,
    "DevComment": "Unique Item"
  },
  {
    "id": 2591,
    "DevComment": "Unique Item"
  },
  {
    "id": 2592,
    "DevComment": "Unique Item"
  },
  {
    "id": 2593,
    "DevComment": "Unique Item"
  },
  {
    "id": 2594,
    "DevComment": "Unique Item"
  },
  {
    "id": 2595,
    "DevComment": "Unique Item"
  },
  {
    "id": 2596,
    "DevComment": "Unique Item"
  },
  {
    "id": 2597,
    "DevComment": "Unique Item"
  },
  {
    "id": 2598,
    "DevComment": "Unique Item"
  },
  {
    "id": 2599,
    "DevComment": "Unique Item"
  },
  {
    "id": 2600,
    "DevComment": "Unique Item"
  },
  {
    "id": 2601,
    "DevComment": "Unique Item"
  },
  {
    "id": 2602,
    "DevComment": "Unique Item"
  },
  {
    "id": 2603,
    "DevComment": "Unique Item"
  },
  {
    "id": 2604,
    "DevComment": "Unique Item"
  },
  {
    "id": 2605,
    "DevComment": "Unique Item"
  },
  {
    "id": 2606,
    "DevComment": "Unique Item"
  },
  {
    "id": 2607,
    "DevComment": "Unique Item"
  },
  {
    "id": 2608,
    "DevComment": "Unique Item"
  },
  {
    "id": 2609,
    "DevComment": "Unique Item"
  },
  {
    "id": 2610,
    "DevComment": "Unique Item"
  },
  {
    "id": 2611,
    "DevComment": "Unique Item"
  },
  {
    "id": 2612,
    "DevComment": "Unique Item"
  },
  {
    "id": 2613,
    "DevComment": "Unique Item"
  },
  {
    "id": 2614,
    "DevComment": "Unique Item"
  },
  {
    "id": 2615,
    "DevComment": "Unique Item"
  },
  {
    "id": 2616,
    "DevComment": "Unique Item"
  },
  {
    "id": 2617,
    "DevComment": "Unique Item"
  },
  {
    "id": 2618,
    "DevComment": "Unique Item"
  },
  {
    "id": 2619,
    "DevComment": "Unique Item"
  },
  {
    "id": 2620,
    "DevComment": "Unique Item"
  },
  {
    "id": 2621,
    "DevComment": "Unique Item"
  },
  {
    "id": 2622,
    "DevComment": "Unique Item"
  },
  {
    "id": 2623,
    "DevComment": "Unique Item"
  },
  {
    "id": 2624,
    "DevComment": "Unique Item"
  },
  {
    "id": 2625,
    "DevComment": "Unique Item"
  },
  {
    "id": 2626,
    "DevComment": "Unique Item"
  },
  {
    "id": 2627,
    "DevComment": "Unique Item"
  },
  {
    "id": 2628,
    "DevComment": "Unique Item"
  },
  {
    "id": 2629,
    "DevComment": "Unique Item"
  },
  {
    "id": 2630,
    "DevComment": "Unique Item"
  },
  {
    "id": 2631,
    "DevComment": "Unique Item"
  },
  {
    "id": 2632,
    "DevComment": "Unique Item"
  },
  {
    "id": 2633,
    "DevComment": "Unique Item"
  },
  {
    "id": 2634,
    "DevComment": "Unique Item"
  },
  {
    "id": 2635,
    "DevComment": "Unique Item"
  },
  {
    "id": 2636,
    "DevComment": "Unique Item"
  },
  {
    "id": 2637,
    "DevComment": "Unique Item"
  },
  {
    "id": 2638,
    "DevComment": "Unique Item"
  },
  {
    "id": 2639,
    "DevComment": "Unique Item"
  },
  {
    "id": 2640,
    "DevComment": "Unique Item"
  },
  {
    "id": 2641,
    "DevComment": "Unique Item"
  },
  {
    "id": 2642,
    "DevComment": "Unique Item"
  },
  {
    "id": 2643,
    "DevComment": "Unique Item"
  },
  {
    "id": 2644,
    "DevComment": "Unique Item"
  },
  {
    "id": 2645,
    "DevComment": "Unique Item"
  },
  {
    "id": 2646,
    "DevComment": "Unique Item"
  },
  {
    "id": 2647,
    "DevComment": "Unique Item"
  },
  {
    "id": 2648,
    "DevComment": "Unique Item"
  },
  {
    "id": 2649,
    "DevComment": "Unique Item"
  },
  {
    "id": 2650,
    "DevComment": "Unique Item"
  },
  {
    "id": 2651,
    "DevComment": "Unique Item"
  },
  {
    "id": 2652,
    "DevComment": "Unique Item"
  },
  {
    "id": 2653,
    "DevComment": "Unique Item"
  },
  {
    "id": 2654,
    "DevComment": "Unique Item"
  },
  {
    "id": 2655,
    "DevComment": "Unique Item"
  },
  {
    "id": 2656,
    "DevComment": "Unique Item"
  },
  {
    "id": 2657,
    "DevComment": "Unique Item"
  },
  {
    "id": 2658,
    "DevComment": "Unique Item"
  },
  {
    "id": 2659,
    "DevComment": "Unique Item"
  },
  {
    "id": 2660,
    "DevComment": "Unique Item"
  },
  {
    "id": 2661,
    "DevComment": "Unique Item"
  },
  {
    "id": 2662,
    "DevComment": "Unique Item"
  },
  {
    "id": 2663,
    "DevComment": "Unique Item"
  },
  {
    "id": 2664,
    "DevComment": "Unique Item"
  },
  {
    "id": 2665,
    "DevComment": "Unique Item"
  },
  {
    "id": 2666,
    "DevComment": "Unique Item"
  },
  {
    "id": 2667,
    "DevComment": "Unique Item"
  },
  {
    "id": 2668,
    "DevComment": "Unique Item"
  },
  {
    "id": 2669,
    "DevComment": "Unique Item"
  },
  {
    "id": 2670,
    "DevComment": "Unique Item"
  },
  {
    "id": 2671,
    "DevComment": "Unique Item"
  },
  {
    "id": 2672,
    "DevComment": "Unique Item"
  },
  {
    "id": 2673,
    "DevComment": "Unique Item"
  },
  {
    "id": 2674,
    "DevComment": "Unique Item"
  },
  {
    "id": 2675,
    "DevComment": "Unique Item"
  },
  {
    "id": 2676,
    "DevComment": "Unique Item"
  },
  {
    "id": 2677,
    "DevComment": "Unique Item"
  },
  {
    "id": 2678,
    "DevComment": "Unique Item"
  },
  {
    "id": 2679,
    "DevComment": "Unique Item"
  },
  {
    "id": 2680,
    "DevComment": "Unique Item"
  },
  {
    "id": 2681,
    "DevComment": "Unique Item"
  },
  {
    "id": 2682,
    "DevComment": "Unique Item"
  },
  {
    "id": 2683,
    "DevComment": "Unique Item"
  },
  {
    "id": 2684,
    "DevComment": "Unique Item"
  },
  {
    "id": 2685,
    "DevComment": "Unique Item"
  },
  {
    "id": 2686,
    "DevComment": "Unique Item"
  },
  {
    "id": 2687,
    "DevComment": "Unique Item"
  },
  {
    "id": 2688,
    "DevComment": "Unique Item"
  },
  {
    "id": 2689,
    "DevComment": "Unique Item"
  },
  {
    "id": 2690,
    "DevComment": "Unique Item"
  },
  {
    "id": 2691,
    "DevComment": "Unique Item"
  },
  {
    "id": 2692,
    "DevComment": "Unique Item"
  },
  {
    "id": 2693,
    "DevComment": "Unique Item"
  },
  {
    "id": 2694,
    "DevComment": "Unique Item"
  },
  {
    "id": 2695,
    "DevComment": "Unique Item"
  },
  {
    "id": 2697,
    "DevComment": "Unique Item"
  },
  {
    "id": 2698,
    "DevComment": "Unique Item"
  },
  {
    "id": 2699,
    "DevComment": "Unique Item"
  },
  {
    "id": 2700,
    "DevComment": "Unique Item"
  },
  {
    "id": 2701,
    "DevComment": "Unique Item"
  },
  {
    "id": 10000,
    "DevComment": "Unique Item"
  },
  {
    "id": 10021,
    "DevComment": "Normal Item, Noun"
  },
  {
    "id": 10022,
    "DevComment": "Set Item"
  },
  {
    "id": 10122,
    "DevComment": "Set Item"
  },
  {
    "id": 10123,
    "DevComment": "Set Item"
  },
  {
    "id": 10124,
    "DevComment": "Set Item"
  },
  {
    "id": 10125,
    "DevComment": "Set Item"
  },
  {
    "id": 10126,
    "DevComment": "Set Item"
  },
  {
    "id": 10127,
    "DevComment": "Set Item"
  },
  {
    "id": 10128,
    "DevComment": "Set Item"
  },
  {
    "id": 10129,
    "DevComment": "Set Item"
  },
  {
    "id": 10130,
    "DevComment": "Set Item"
  },
  {
    "id": 10131,
    "DevComment": "Set Item"
  },
  {
    "id": 10132,
    "DevComment": "Set Item"
  },
  {
    "id": 10133,
    "DevComment": "Set Item"
  },
  {
    "id": 10134,
    "DevComment": "Set Item"
  },
  {
    "id": 10135,
    "DevComment": "Set Item"
  },
  {
    "id": 10136,
    "DevComment": "Set Item"
  },
  {
    "id": 10137,
    "DevComment": "Set Item"
  },
  {
    "id": 10138,
    "DevComment": "Set Item"
  },
  {
    "id": 10139,
    "DevComment": "Set Item"
  },
  {
    "id": 10140,
    "DevComment": "Set Item"
  },
  {
    "id": 10141,
    "DevComment": "Set Item"
  },
  {
    "id": 10142,
    "DevComment": "Set Item"
  },
  {
    "id": 10143,
    "DevComment": "Set Item"
  },
  {
    "id": 10144,
    "DevComment": "Set Item"
  },
  {
    "id": 10145,
    "DevComment": "Set Item"
  },
  {
    "id": 10146,
    "DevComment": "Set Item"
  },
  {
    "id": 10147,
    "DevComment": "Set Item"
  },
  {
    "id": 10148,
    "DevComment": "Set Item"
  },
  {
    "id": 10149,
    "DevComment": "Set Item"
  },
  {
    "id": 10150,
    "DevComment": "Set Item"
  },
  {
    "id": 10151,
    "DevComment": "Set Item"
  },
  {
    "id": 10152,
    "DevComment": "Set Item"
  },
  {
    "id": 10153,
    "DevComment": "Set Item"
  },
  {
    "id": 10154,
    "DevComment": "Set Item"
  },
  {
    "id": 10155,
    "DevComment": "Set Item"
  },
  {
    "id": 10156,
    "DevComment": "Set Item"
  },
  {
    "id": 10157,
    "DevComment": "Set Item"
  },
  {
    "id": 10158,
    "DevComment": "Set Item"
  },
  {
    "id": 10159,
    "DevComment": "Set Item"
  },
  {
    "id": 10160,
    "DevComment": "Set Item"
  },
  {
    "id": 10161,
    "DevComment": "Set Item"
  },
  {
    "id": 10162,
    "DevComment": "Set Item"
  },
  {
    "id": 10163,
    "DevComment": "Set Item"
  },
  {
    "id": 10164,
    "DevComment": "Set Item"
  },
  {
    "id": 10165,
    "DevComment": "Set Item"
  },
  {
    "id": 10166,
    "DevComment": "Set Item"
  },
  {
    "id": 10167,
    "DevComment": "Set Item"
  },
  {
    "id": 10168,
    "DevComment": "Set Item"
  },
  {
    "id": 10169,
    "DevComment": "Set Item"
  },
  {
    "id": 10170,
    "DevComment": "Set Item"
  },
  {
    "id": 10171,
    "DevComment": "Set Item"
  },
  {
    "id": 10172,
    "DevComment": "Set Item"
  },
  {
    "id": 10173,
    "DevComment": "Set Item"
  },
  {
    "id": 10174,
    "DevComment": "Set Item"
  },
  {
    "id": 10175,
    "DevComment": "Set Item"
  },
  {
    "id": 10176,
    "DevComment": "Set Item"
  },
  {
    "id": 10177,
    "DevComment": "Set Item"
  },
  {
    "id": 10178,
    "DevComment": "Set Item"
  },
  {
    "id": 10179,
    "DevComment": "Set Item"
  },
  {
    "id": 10180,
    "DevComment": "Set Item"
  },
  {
    "id": 10181,
    "DevComment": "Set Item"
  },
  {
    "id": 10182,
    "DevComment": "Set Item"
  },
  {
    "id": 10183,
    "DevComment": "Set Item"
  },
  {
    "id": 10911,
    "DevComment": "Unique Item"
  },
  {
    "id": 11006,
    "DevComment": "Normal Item, Noun"
  },
  {
    "id": 11008,
    "DevComment": "Normal Item"
  },
  {
    "id": 11010,
    "DevComment": "Normal Item, Noun"
  },
  {
    "id": 11012,
    "DevComment": "Normal Item, Noun"
  },
  {
    "id": 11028,
    "DevComment": "Noun"
  },
  {
    "id": 11146,
    "DevComment": "Noun"
  },
  {
    "id": 11147,
    "DevComment": "Noun"
  },
  {
    "id": 11148,
    "DevComment": "Noun"
  },
  {
    "id": 11149,
    "DevComment": "Noun"
  },
  {
    "id": 11150,
    "DevComment": "Noun"
  },
  {
    "id": 11151,
    "DevComment": "Noun"
  },
  {
    "id": 11152,
    "DevComment": "Noun"
  },
  {
    "id": 11153,
    "DevComment": "Unique Item"
  },
  {
    "id": 11164,
    "DevComment": "Noun"
  },
  {
    "id": 11165,
    "DevComment": "Noun"
  },
  {
    "id": 11166,
    "DevComment": "Noun"
  },
  {
    "id": 11167,
    "DevComment": "Noun"
  },
  {
    "id": 20181,
    "DevComment": "Normal Item, Noun"
  },
  {
    "id": 20182,
    "DevComment": "Normal Item, Noun"
  },
  {
    "id": 20183,
    "DevComment": "Normal Item, Noun"
  },
  {
    "id": 20184,
    "DevComment": "Normal Item, Noun"
  },
  {
    "id": 20185,
    "DevComment": "Normal Item, Noun"
  },
  {
    "id": 20186,
    "DevComment": "Normal Item, Noun"
  },
  {
    "id": 20187,
    "DevComment": "Normal Item, Noun"
  },
  {
    "id": 20188,
    "DevComment": "Normal Item, Noun"
  },
  {
    "id": 20189,
    "DevComment": "Normal Item, Noun"
  },
  {
    "id": 20190,
    "DevComment": "Normal Item, Noun"
  },
  {
    "id": 20191,
    "DevComment": "Normal Item, Noun"
  },
  {
    "id": 20192,
    "DevComment": "Normal Item, Noun"
  },
  {
    "id": 20193,
    "DevComment": "Normal Item, Noun"
  },
  {
    "id": 20194,
    "DevComment": "Normal Item, Noun"
  },
  {
    "id": 20195,
    "DevComment": "Normal Item, Noun"
  },
  {
    "id": 20196,
    "DevComment": "Normal Item, Noun"
  },
  {
    "id": 20197,
    "DevComment": "Normal Item, Noun"
  },
  {
    "id": 20198,
    "DevComment": "Normal Item, Noun"
  },
  {
    "id": 20199,
    "DevComment": "Normal Item, Noun"
  },
  {
    "id": 20200,
    "DevComment": "Normal Item, Noun"
  },
  {
    "id": 20201,
    "DevComment": "Normal Item, Noun"
  },
  {
    "id": 20202,
    "DevComment": "Normal Item, Noun"
  },
  {
    "id": 20203,
    "DevComment": "Normal Item, Noun"
  },
  {
    "id": 20204,
    "DevComment": "Normal Item, Noun"
  },
  {
    "id": 20206,
    "DevComment": "Normal Item, Noun"
  },
  {
    "id": 20207,
    "DevComment": "Noun"
  },
  {
    "id": 20208,
    "DevComment": "Normal Item, Noun"
  },
  {
    "id": 20209,
    "DevComment": "Normal Item, Noun"
  },
  {
    "id": 20210,
    "DevComment": "Normal Item, Noun"
  },
  {
    "id": 20211,
    "DevComment": "Normal Item, Noun"
  },
  {
    "id": 20212,
    "DevComment": "Normal Item, Noun"
  },
  {
    "id": 20213,
    "DevComment": "Normal Item, Noun"
  },
  {
    "id": 20214,
    "DevComment": "Normal Item, Noun"
  },
  {
    "id": 20215,
    "DevComment": "Normal Item, Noun"
  },
  {
    "id": 20216,
    "DevComment": "Normal Item, Noun"
  },
  {
    "id": 20217,
    "DevComment": "Normal Item, Noun"
  },
  {
    "id": 20218,
    "DevComment": "Normal Item, Noun"
  },
  {
    "id": 20219,
    "DevComment": "Normal Item, Noun"
  },
  {
    "id": 20220,
    "DevComment": "Normal Item, Noun"
  },
  {
    "id": 20221,
    "DevComment": "Normal Item, Noun"
  },
  {
    "id": 20222,
    "DevComment": "Normal Item, Noun"
  },
  {
    "id": 20223,
    "DevComment": "Normal Item, Noun"
  },
  {
    "id": 20224,
    "DevComment": "Normal Item, Noun"
  },
  {
    "id": 20225,
    "DevComment": "Normal Item, Noun"
  },
  {
    "id": 20226,
    "DevComment": "Normal Item, Noun"
  },
  {
    "id": 20227,
    "DevComment": "Normal Item, Noun"
  },
  {
    "id": 20228,
    "DevComment": "Normal Item, Noun"
  },
  {
    "id": 20229,
    "DevComment": "Normal Item, Noun"
  },
  {
    "id": 20230,
    "DevComment": "Normal Item, Noun"
  },
  {
    "id": 20231,
    "DevComment": "Normal Item, Noun"
  },
  {
    "id": 20232,
    "DevComment": "Normal Item, Noun"
  },
  {
    "id": 20233,
    "DevComment": "Normal Item, Noun"
  },
  {
    "id": 20234,
    "DevComment": "Normal Item, Noun"
  },
  {
    "id": 20235,
    "DevComment": "Normal Item, Noun"
  },
  {
    "id": 20236,
    "DevComment": "Normal Item, Noun"
  },
  {
    "id": 20237,
    "DevComment": "Normal Item, Noun"
  },
  {
    "id": 20238,
    "DevComment": "Noun"
  },
  {
    "id": 20239,
    "DevComment": "Normal Item, Noun"
  },
  {
    "id": 20240,
    "DevComment": "Normal Item, Noun"
  },
  {
    "id": 20241,
    "DevComment": "Noun"
  },
  {
    "id": 20242,
    "DevComment": "Normal Item, Noun"
  },
  {
    "id": 20243,
    "DevComment": "Normal Item, Noun"
  },
  {
    "id": 20244,
    "DevComment": "Normal Item, Noun"
  },
  {
    "id": 20245,
    "DevComment": "Normal Item, Noun"
  },
  {
    "id": 20246,
    "DevComment": "Normal Item, Noun"
  },
  {
    "id": 20247,
    "DevComment": "Normal Item, Noun"
  },
  {
    "id": 20248,
    "DevComment": "Normal Item, Noun"
  },
  {
    "id": 20249,
    "DevComment": "Normal Item, Noun"
  },
  {
    "id": 20250,
    "DevComment": "Normal Item, Noun"
  },
  {
    "id": 20251,
    "DevComment": "Normal Item, Noun"
  },
  {
    "id": 20252,
    "DevComment": "Normal Item, Noun"
  },
  {
    "id": 20253,
    "DevComment": "Normal Item, Noun"
  },
  {
    "id": 20254,
    "DevComment": "Normal Item, Noun"
  },
  {
    "id": 20255,
    "DevComment": "Normal Item, Noun"
  },
  {
    "id": 20256,
    "DevComment": "Normal Item, Noun"
  },
  {
    "id": 20257,
    "DevComment": "Normal Item, Noun"
  },
  {
    "id": 20258,
    "DevComment": "Normal Item, Noun"
  },
  {
    "id": 20259,
    "DevComment": "Normal Item, Noun"
  },
  {
    "id": 20260,
    "DevComment": "Normal Item, Noun"
  },
  {
    "id": 20261,
    "DevComment": "Normal Item, Noun"
  },
  {
    "id": 20262,
    "DevComment": "Normal Item, Noun"
  },
  {
    "id": 20263,
    "DevComment": "Normal Item, Noun"
  },
  {
    "id": 20264,
    "DevComment": "Normal Item, Noun"
  },
  {
    "id": 20265,
    "DevComment": "Normal Item, Noun"
  },
  {
    "id": 20266,
    "DevComment": "Normal Item, Noun"
  },
  {
    "id": 20267,
    "DevComment": "Noun"
  },
  {
    "id": 20268,
    "DevComment": "Normal Item, Noun"
  },
  {
    "id": 20269,
    "DevComment": "Normal Item, Noun"
  },
  {
    "id": 20270,
    "DevComment": "Normal Item, Noun"
  },
  {
    "id": 20271,
    "DevComment": "Normal Item, Noun"
  },
  {
    "id": 20272,
    "DevComment": "Normal Item, Noun"
  },
  {
    "id": 20273,
    "DevComment": "Normal Item, Noun"
  },
  {
    "id": 20274,
    "DevComment": "Normal Item, Noun"
  },
  {
    "id": 20275,
    "DevComment": "Normal Item, Noun"
  },
  {
    "id": 20276,
    "DevComment": "Normal Item, Noun"
  },
  {
    "id": 20277,
    "DevComment": "Normal Item, Noun"
  },
  {
    "id": 20278,
    "DevComment": "Normal Item, Noun"
  },
  {
    "id": 20279,
    "DevComment": "Normal Item, Noun"
  },
  {
    "id": 20280,
    "DevComment": "Normal Item, Noun"
  },
  {
    "id": 20281,
    "DevComment": "Normal Item, Noun"
  },
  {
    "id": 20282,
    "DevComment": "Normal Item, Noun"
  },
  {
    "id": 20283,
    "DevComment": "Normal Item, Noun"
  },
  {
    "id": 20284,
    "DevComment": "Normal Item, Noun"
  },
  {
    "id": 20291,
    "DevComment": "Normal Item"
  },
  {
    "id": 20292,
    "DevComment": "Normal Item, Noun"
  },
  {
    "id": 20293,
    "DevComment": "Normal Item, Noun"
  },
  {
    "id": 20294,
    "DevComment": "Normal Item, Noun"
  },
  {
    "id": 20295,
    "DevComment": "Normal Item, Noun"
  },
  {
    "id": 20296,
    "DevComment": "Normal Item, Noun"
  },
  {
    "id": 20297,
    "DevComment": "Normal Item, Noun"
  },
  {
    "id": 20298,
    "DevComment": "Normal Item, Noun"
  },
  {
    "id": 20299,
    "DevComment": "Normal Item, Noun"
  },
  {
    "id": 20300,
    "DevComment": "Normal Item, Noun"
  },
  {
    "id": 20301,
    "DevComment": "Normal Item, Noun"
  },
  {
    "id": 20302,
    "DevComment": "Normal Item, Noun"
  },
  {
    "id": 20303,
    "DevComment": "Normal Item, Noun"
  },
  {
    "id": 20304,
    "DevComment": "Normal Item, Noun"
  },
  {
    "id": 20305,
    "DevComment": "Normal Item, Noun"
  },
  {
    "id": 20306,
    "DevComment": "Normal Item, Noun"
  },
  {
    "id": 20307,
    "DevComment": "Normal Item, Noun"
  },
  {
    "id": 20308,
    "DevComment": "Normal Item, Noun"
  },
  {
    "id": 20309,
    "DevComment": "Normal Item, Noun"
  },
  {
    "id": 20310,
    "DevComment": "Normal Item, Noun"
  },
  {
    "id": 20311,
    "DevComment": "Normal Item, Noun"
  },
  {
    "id": 20312,
    "DevComment": "Normal Item, Noun"
  },
  {
    "id": 20313,
    "DevComment": "Normal Item, Noun"
  },
  {
    "id": 20314,
    "DevComment": "Normal Item, Noun"
  },
  {
    "id": 20315,
    "DevComment": "Normal Item, Noun"
  },
  {
    "id": 20316,
    "DevComment": "Noun"
  },
  {
    "id": 20317,
    "DevComment": "Normal Item, Noun"
  },
  {
    "id": 20318,
    "DevComment": "Normal Item, Noun"
  },
  {
    "id": 20319,
    "DevComment": "Normal Item, Noun"
  },
  {
    "id": 20320,
    "DevComment": "Normal Item, Noun"
  },
  {
    "id": 20321,
    "DevComment": "Normal Item, Noun"
  },
  {
    "id": 20322,
    "DevComment": "Normal Item, Noun"
  },
  {
    "id": 20323,
    "DevComment": "Normal Item, Noun"
  },
  {
    "id": 20324,
    "DevComment": "Normal Item, Noun"
  },
  {
    "id": 20325,
    "DevComment": "Normal Item, Noun"
  },
  {
    "id": 20326,
    "DevComment": "Normal Item, Noun"
  },
  {
    "id": 20327,
    "DevComment": "Normal Item, Noun"
  },
  {
    "id": 20328,
    "DevComment": "Normal Item, Noun"
  },
  {
    "id": 20329,
    "DevComment": "Normal Item, Noun"
  },
  {
    "id": 20330,
    "DevComment": "Normal Item, Noun"
  },
  {
    "id": 20331,
    "DevComment": "Normal Item, Noun"
  },
  {
    "id": 20332,
    "DevComment": "Normal Item, Noun"
  },
  {
    "id": 20333,
    "DevComment": "Normal Item, Noun"
  },
  {
    "id": 20334,
    "DevComment": "Normal Item, Noun"
  },
  {
    "id": 20335,
    "DevComment": "Normal Item, Noun"
  },
  {
    "id": 20336,
    "DevComment": "Normal Item, Noun"
  },
  {
    "id": 20337,
    "DevComment": "Normal Item, Noun"
  },
  {
    "id": 20338,
    "DevComment": "Normal Item, Noun"
  },
  {
    "id": 20339,
    "DevComment": "Normal Item, Noun"
  },
  {
    "id": 20340,
    "DevComment": "Normal Item, Noun"
  },
  {
    "id": 20341,
    "DevComment": "Normal Item, Noun"
  },
  {
    "id": 20342,
    "DevComment": "Normal Item, Noun"
  },
  {
    "id": 20343,
    "DevComment": "Normal Item, Noun"
  },
  {
    "id": 20344,
    "DevComment": "Normal Item, Noun"
  },
  {
    "id": 20345,
    "DevComment": "Normal Item, Noun"
  },
  {
    "id": 20346,
    "DevComment": "Normal Item, Noun"
  },
  {
    "id": 20347,
    "DevComment": "Normal Item, Noun"
  },
  {
    "id": 20348,
    "DevComment": "Normal Item, Noun"
  },
  {
    "id": 20349,
    "DevComment": "Normal Item, Noun"
  },
  {
    "id": 20350,
    "DevComment": "Normal Item, Noun"
  },
  {
    "id": 20351,
    "DevComment": "Normal Item, Noun"
  },
  {
    "id": 20352,
    "DevComment": "Normal Item, Noun"
  },
  {
    "id": 20353,
    "DevComment": "Normal Item, Noun"
  },
  {
    "id": 20354,
    "DevComment": "Normal Item, Noun"
  },
  {
    "id": 20355,
    "DevComment": "Normal Item, Noun"
  },
  {
    "id": 20356,
    "DevComment": "Normal Item, Noun"
  },
  {
    "id": 20357,
    "DevComment": "Noun"
  },
  {
    "id": 20358,
    "DevComment": "Normal Item, Noun"
  },
  {
    "id": 20359,
    "DevComment": "Normal Item, Noun"
  },
  {
    "id": 20360,
    "DevComment": "Normal Item, Noun"
  },
  {
    "id": 20361,
    "DevComment": "Normal Item, Noun"
  },
  {
    "id": 20362,
    "DevComment": "Normal Item, Noun"
  },
  {
    "id": 20363,
    "DevComment": "Normal Item, Noun"
  },
  {
    "id": 20364,
    "DevComment": "Normal Item, Noun"
  },
  {
    "id": 20365,
    "DevComment": "Normal Item, Noun"
  },
  {
    "id": 20366,
    "DevComment": "Normal Item, Noun"
  },
  {
    "id": 20367,
    "DevComment": "Normal Item, Noun"
  },
  {
    "id": 20368,
    "DevComment": "Normal Item, Noun"
  },
  {
    "id": 20369,
    "DevComment": "Normal Item, Noun"
  },
  {
    "id": 20370,
    "DevComment": "Normal Item, Noun"
  },
  {
    "id": 20371,
    "DevComment": "Normal Item, Noun"
  },
  {
    "id": 20372,
    "DevComment": "Normal Item, Noun"
  },
  {
    "id": 20373,
    "DevComment": "Normal Item, Noun"
  },
  {
    "id": 20374,
    "DevComment": "Normal Item, Noun"
  },
  {
    "id": 20375,
    "DevComment": "Normal Item, Noun"
  },
  {
    "id": 20376,
    "DevComment": "Normal Item, Noun"
  },
  {
    "id": 20377,
    "DevComment": "Normal Item, Noun"
  },
  {
    "id": 20378,
    "DevComment": "Normal Item, Noun"
  },
  {
    "id": 20379,
    "DevComment": "Normal Item, Noun"
  },
  {
    "id": 20380,
    "DevComment": "Normal Item, Noun"
  },
  {
    "id": 20381,
    "DevComment": "Normal Item, Noun"
  },
  {
    "id": 20382,
    "DevComment": "Normal Item, Noun"
  },
  {
    "id": 20383,
    "DevComment": "Normal Item, Noun"
  },
  {
    "id": 20384,
    "DevComment": "Normal Item, Noun"
  },
  {
    "id": 20385,
    "DevComment": "Normal Item, Noun"
  },
  {
    "id": 20386,
    "DevComment": "Normal Item, Noun"
  },
  {
    "id": 20387,
    "DevComment": "Normal Item, Noun"
  },
  {
    "id": 20388,
    "DevComment": "Noun"
  },
  {
    "id": 20389,
    "DevComment": "Normal Item, Noun"
  },
  {
    "id": 20390,
    "DevComment": "Normal Item, Noun"
  },
  {
    "id": 20391,
    "DevComment": "Normal Item, Noun"
  },
  {
    "id": 20392,
    "DevComment": "Normal Item, Noun"
  },
  {
    "id": 20393,
    "DevComment": "Normal Item, Noun"
  },
  {
    "id": 20394,
    "DevComment": "Normal Item, Noun"
  },
  {
    "id": 20395,
    "DevComment": "Normal Item, Noun"
  },
  {
    "id": 20396,
    "DevComment": "Normal Item, Noun"
  },
  {
    "id": 20397,
    "DevComment": "Normal Item, Noun"
  },
  {
    "id": 20398,
    "DevComment": "Normal Item, Noun"
  },
  {
    "id": 20399,
    "DevComment": "Normal Item, Noun"
  },
  {
    "id": 20400,
    "DevComment": "Noun"
  },
  {
    "id": 20401,
    "DevComment": "Normal Item, Noun"
  },
  {
    "id": 20402,
    "DevComment": "Normal Item, Noun"
  },
  {
    "id": 20403,
    "DevComment": "Normal Item, Noun"
  },
  {
    "id": 20404,
    "DevComment": "Normal Item, Noun"
  },
  {
    "id": 20405,
    "DevComment": "Normal Item, Noun"
  },
  {
    "id": 20406,
    "DevComment": "Noun"
  },
  {
    "id": 20407,
    "DevComment": "Normal Item, Noun"
  },
  {
    "id": 20408,
    "DevComment": "Normal Item, Noun"
  },
  {
    "id": 20409,
    "DevComment": "Normal Item, Noun"
  },
  {
    "id": 20410,
    "DevComment": "Noun"
  },
  {
    "id": 20411,
    "DevComment": "Normal Item, Noun"
  },
  {
    "id": 20412,
    "DevComment": "Normal Item, Noun"
  },
  {
    "id": 20413,
    "DevComment": "Normal Item, Noun"
  },
  {
    "id": 20414,
    "DevComment": "Normal Item, Noun"
  },
  {
    "id": 20415,
    "DevComment": "Noun"
  },
  {
    "id": 20416,
    "DevComment": "Normal Item, Noun"
  },
  {
    "id": 20417,
    "DevComment": "Normal Item, Noun"
  },
  {
    "id": 20418,
    "DevComment": "Normal Item, Noun"
  },
  {
    "id": 20419,
    "DevComment": "Normal Item, Noun"
  },
  {
    "id": 20420,
    "DevComment": "Normal Item, Noun"
  },
  {
    "id": 20421,
    "DevComment": "Normal Item, Noun"
  },
  {
    "id": 20422,
    "DevComment": "Normal Item"
  },
  {
    "id": 20423,
    "DevComment": "Normal Item, Noun"
  },
  {
    "id": 20424,
    "DevComment": "Noun"
  },
  {
    "id": 20425,
    "DevComment": "Normal Item, Noun"
  },
  {
    "id": 20433,
    "DevComment": "Noun"
  },
  {
    "id": 20434,
    "DevComment": "Noun"
  },
  {
    "id": 20435,
    "DevComment": "Noun"
  },
  {
    "id": 20436,
    "DevComment": "Noun"
  },
  {
    "id": 20437,
    "DevComment": "Noun"
  },
  {
    "id": 21286,
    "DevComment": "Unique Item"
  },
  {
    "id": 21288,
    "DevComment": "Unique Item"
  },
  {
    "id": 21289,
    "DevComment": "Unique Item"
  },
  {
    "id": 21290,
    "DevComment": "Unique Item"
  },
  {
    "id": 21291,
    "DevComment": "Unique Item"
  },
  {
    "id": 21292,
    "DevComment": "Unique Item"
  },
  {
    "id": 21293,
    "DevComment": "Unique Item"
  },
  {
    "id": 21294,
    "DevComment": "Unique Item"
  },
  {
    "id": 21295,
    "DevComment": "Unique Item"
  },
  {
    "id": 21297,
    "DevComment": "Unique Item"
  },
  {
    "id": 21299,
    "DevComment": "Unique Item"
  },
  {
    "id": 21300,
    "DevComment": "Unique Item"
  },
  {
    "id": 21301,
    "DevComment": "Unique Item"
  },
  {
    "id": 21303,
    "DevComment": "Unique Item"
  },
  {
    "id": 21304,
    "DevComment": "Unique Item"
  },
  {
    "id": 21305,
    "DevComment": "Unique Item"
  },
  {
    "id": 21306,
    "DevComment": "Unique Item"
  },
  {
    "id": 21307,
    "DevComment": "Unique Item"
  },
  {
    "id": 21308,
    "DevComment": "Unique Item"
  },
  {
    "id": 21309,
    "DevComment": "Unique Item"
  },
  {
    "id": 21310,
    "DevComment": "Unique Item"
  },
  {
    "id": 21311,
    "DevComment": "Unique Item"
  },
  {
    "id": 21312,
    "DevComment": "Unique Item"
  },
  {
    "id": 21313,
    "DevComment": "Unique Item"
  },
  {
    "id": 21315,
    "DevComment": "Unique Item"
  },
  {
    "id": 21316,
    "DevComment": "Unique Item"
  },
  {
    "id": 21318,
    "DevComment": "Unique Item"
  },
  {
    "id": 21319,
    "DevComment": "Unique Item"
  },
  {
    "id": 21321,
    "DevComment": "Unique Item"
  },
  {
    "id": 21322,
    "DevComment": "Unique Item"
  },
  {
    "id": 21323,
    "DevComment": "Unique Item"
  },
  {
    "id": 21324,
    "DevComment": "Unique Item"
  },
  {
    "id": 21325,
    "DevComment": "Unique Item"
  },
  {
    "id": 21326,
    "DevComment": "Unique Item"
  },
  {
    "id": 21327,
    "DevComment": "Unique Item"
  },
  {
    "id": 21328,
    "DevComment": "Unique Item"
  },
  {
    "id": 21329,
    "DevComment": "Unique Item"
  },
  {
    "id": 21330,
    "DevComment": "Unique Item"
  },
  {
    "id": 21331,
    "DevComment": "Unique Item"
  },
  {
    "id": 21332,
    "DevComment": "Unique Item"
  },
  {
    "id": 21333,
    "DevComment": "Unique Item"
  },
  {
    "id": 21334,
    "DevComment": "Unique Item"
  },
  {
    "id": 21335,
    "DevComment": "Unique Item"
  },
  {
    "id": 21336,
    "DevComment": "Unique Item"
  },
  {
    "id": 21337,
    "DevComment": "Unique Item"
  },
  {
    "id": 21338,
    "DevComment": "Unique Item"
  },
  {
    "id": 21339,
    "DevComment": "Unique Item"
  },
  {
    "id": 21340,
    "DevComment": "Unique Item"
  },
  {
    "id": 21341,
    "DevComment": "Unique Item"
  },
  {
    "id": 21342,
    "DevComment": "Unique Item"
  },
  {
    "id": 21343,
    "DevComment": "Unique Item"
  },
  {
    "id": 21344,
    "DevComment": "Unique Item"
  },
  {
    "id": 21345,
    "DevComment": "Unique Item"
  },
  {
    "id": 21346,
    "DevComment": "Unique Item"
  },
  {
    "id": 21347,
    "DevComment": "Unique Item"
  },
  {
    "id": 21348,
    "DevComment": "Unique Item"
  },
  {
    "id": 21350,
    "DevComment": "Unique Item"
  },
  {
    "id": 21351,
    "DevComment": "Unique Item"
  },
  {
    "id": 21352,
    "DevComment": "Unique Item"
  },
  {
    "id": 21353,
    "DevComment": "Unique Item"
  },
  {
    "id": 21354,
    "DevComment": "Unique Item"
  },
  {
    "id": 21355,
    "DevComment": "Unique Item"
  },
  {
    "id": 21356,
    "DevComment": "Unique Item"
  },
  {
    "id": 21357,
    "DevComment": "Unique Item"
  },
  {
    "id": 21358,
    "DevComment": "Unique Item"
  },
  {
    "id": 21359,
    "DevComment": "Unique Item"
  },
  {
    "id": 21360,
    "DevComment": "Unique Item"
  },
  {
    "id": 21361,
    "DevComment": "Unique Item"
  },
  {
    "id": 21362,
    "DevComment": "Unique Item"
  },
  {
    "id": 21364,
    "DevComment": "Unique Item"
  },
  {
    "id": 21365,
    "DevComment": "Unique Item"
  },
  {
    "id": 21366,
    "DevComment": "Unique Item"
  },
  {
    "id": 21367,
    "DevComment": "Unique Item"
  },
  {
    "id": 21368,
    "DevComment": "Unique Item"
  },
  {
    "id": 21369,
    "DevComment": "Unique Item"
  },
  {
    "id": 21370,
    "DevComment": "Unique Item"
  },
  {
    "id": 21372,
    "DevComment": "Unique Item"
  },
  {
    "id": 21375,
    "DevComment": "Unique Item"
  },
  {
    "id": 21379,
    "DevComment": "Unique Item"
  },
  {
    "id": 21380,
    "DevComment": "Unique Item"
  },
  {
    "id": 21381,
    "DevComment": "Unique Item"
  },
  {
    "id": 21382,
    "DevComment": "Unique Item"
  },
  {
    "id": 21385,
    "DevComment": "Unique Item"
  },
  {
    "id": 21387,
    "DevComment": "Unique Item"
  },
  {
    "id": 21388,
    "DevComment": "Unique Item"
  },
  {
    "id": 21389,
    "DevComment": "Unique Item"
  },
  {
    "id": 21394,
    "DevComment": "Unique Item"
  },
  {
    "id": 21396,
    "DevComment": "Unique Item"
  },
  {
    "id": 21398,
    "DevComment": "Unique Item"
  },
  {
    "id": 21399,
    "DevComment": "Unique Item"
  },
  {
    "id": 21400,
    "DevComment": "Unique Item"
  },
  {
    "id": 21402,
    "DevComment": "Unique Item"
  },
  {
    "id": 21403,
    "DevComment": "Unique Item"
  },
  {
    "id": 21407,
    "DevComment": "Unique Item"
  },
  {
    "id": 21408,
    "DevComment": "Unique Item"
  },
  {
    "id": 21409,
    "DevComment": "Unique Item"
  },
  {
    "id": 21410,
    "DevComment": "Unique Item"
  },
  {
    "id": 21412,
    "DevComment": "Unique Item"
  },
  {
    "id": 21417,
    "DevComment": "Unique Item"
  },
  {
    "id": 21418,
    "DevComment": "Unique Item"
  },
  {
    "id": 21419,
    "DevComment": "Unique Item"
  },
  {
    "id": 21420,
    "DevComment": "Unique Item"
  },
  {
    "id": 21421,
    "DevComment": "Unique Item"
  },
  {
    "id": 21425,
    "DevComment": "Unique Item"
  },
  {
    "id": 21427,
    "DevComment": "Unique Item"
  },
  {
    "id": 21428,
    "DevComment": "Unique Item"
  },
  {
    "id": 21429,
    "DevComment": "Unique Item"
  },
  {
    "id": 21430,
    "DevComment": "Unique Item"
  },
  {
    "id": 21431,
    "DevComment": "Unique Item"
  },
  {
    "id": 21436,
    "DevComment": "Unique Item"
  },
  {
    "id": 21438,
    "DevComment": "Unique Item"
  },
  {
    "id": 21439,
    "DevComment": "Unique Item"
  },
  {
    "id": 21442,
    "DevComment": "Unique Item"
  },
  {
    "id": 21444,
    "DevComment": "Unique Item"
  },
  {
    "id": 21445,
    "DevComment": "Unique Item"
  },
  {
    "id": 21446,
    "DevComment": "Unique Item"
  },
  {
    "id": 21447,
    "DevComment": "Unique Item"
  },
  {
    "id": 21448,
    "DevComment": "Unique Item"
  },
  {
    "id": 21449,
    "DevComment": "Unique Item"
  },
  {
    "id": 21450,
    "DevComment": "Unique Item"
  },
  {
    "id": 21451,
    "DevComment": "Unique Item"
  },
  {
    "id": 21455,
    "DevComment": "Unique Item"
  },
  {
    "id": 21461,
    "DevComment": "Unique Item"
  },
  {
    "id": 21462,
    "DevComment": "Unique Item"
  },
  {
    "id": 21464,
    "DevComment": "Unique Item"
  },
  {
    "id": 21465,
    "DevComment": "Unique Item"
  },
  {
    "id": 21466,
    "DevComment": "Unique Item"
  },
  {
    "id": 21469,
    "DevComment": "Unique Item"
  },
  {
    "id": 21470,
    "DevComment": "Unique Item"
  },
  {
    "id": 21473,
    "DevComment": "Unique Item"
  },
  {
    "id": 21476,
    "DevComment": "Unique Item"
  },
  {
    "id": 21482,
    "DevComment": "Unique Item"
  },
  {
    "id": 21485,
    "DevComment": "Unique Item"
  },
  {
    "id": 21494,
    "DevComment": "Unique Item"
  },
  {
    "id": 21508,
    "DevComment": "Unique Item"
  },
  {
    "id": 21512,
    "DevComment": "Unique Item"
  },
  {
    "id": 21516,
    "DevComment": "Unique Item"
  },
  {
    "id": 21519,
    "DevComment": "Unique Item"
  },
  {
    "id": 21520,
    "DevComment": "Unique Item"
  },
  {
    "id": 21521,
    "DevComment": "Unique Item"
  },
  {
    "id": 21522,
    "DevComment": "Unique Item"
  },
  {
    "id": 21523,
    "DevComment": "Unique Item"
  },
  {
    "id": 21524,
    "DevComment": "Unique Item"
  },
  {
    "id": 21526,
    "DevComment": "Unique Item"
  },
  {
    "id": 21527,
    "DevComment": "Unique Item"
  },
  {
    "id": 21528,
    "DevComment": "Unique Item"
  },
  {
    "id": 21529,
    "DevComment": "Unique Item"
  },
  {
    "id": 21530,
    "DevComment": "Unique Item"
  },
  {
    "id": 21531,
    "DevComment": "Unique Item"
  },
  {
    "id": 21532,
    "DevComment": "Unique Item"
  },
  {
    "id": 21533,
    "DevComment": "Unique Item"
  },
  {
    "id": 21534,
    "DevComment": "Unique Item"
  },
  {
    "id": 21536,
    "DevComment": "Unique Item"
  },
  {
    "id": 21537,
    "DevComment": "Unique Item"
  },
  {
    "id": 21538,
    "DevComment": "Unique Item"
  },
  {
    "id": 21540,
    "DevComment": "Unique Item"
  },
  {
    "id": 21541,
    "DevComment": "Unique Item"
  },
  {
    "id": 21542,
    "DevComment": "Unique Item"
  },
  {
    "id": 21543,
    "DevComment": "Unique Item"
  },
  {
    "id": 21544,
    "DevComment": "Unique Item"
  },
  {
    "id": 21545,
    "DevComment": "Unique Item"
  },
  {
    "id": 21546,
    "DevComment": "Unique Item"
  },
  {
    "id": 21547,
    "DevComment": "Unique Item"
  },
  {
    "id": 21548,
    "DevComment": "Unique Item"
  },
  {
    "id": 21549,
    "DevComment": "Unique Item"
  },
  {
    "id": 21550,
    "DevComment": "Unique Item"
  },
  {
    "id": 21551,
    "DevComment": "Unique Item"
  },
  {
    "id": 21552,
    "DevComment": "Unique Item"
  },
  {
    "id": 21553,
    "DevComment": "Unique Item"
  },
  {
    "id": 21555,
    "DevComment": "Unique Item"
  },
  {
    "id": 21556,
    "DevComment": "Unique Item"
  },
  {
    "id": 21557,
    "DevComment": "Unique Item"
  },
  {
    "id": 21559,
    "DevComment": "Unique Item"
  },
  {
    "id": 21560,
    "DevComment": "Unique Item"
  },
  {
    "id": 21561,
    "DevComment": "Unique Item"
  },
  {
    "id": 21562,
    "DevComment": "Unique Item"
  },
  {
    "id": 21563,
    "DevComment": "Unique Item"
  },
  {
    "id": 21565,
    "DevComment": "Unique Item"
  },
  {
    "id": 21566,
    "DevComment": "Unique Item"
  },
  {
    "id": 21567,
    "DevComment": "Unique Item"
  },
  {
    "id": 21568,
    "DevComment": "Unique Item"
  },
  {
    "id": 21570,
    "DevComment": "Unique Item"
  },
  {
    "id": 21571,
    "DevComment": "Unique Item"
  },
  {
    "id": 21572,
    "DevComment": "Unique Item"
  },
  {
    "id": 21573,
    "DevComment": "Unique Item"
  },
  {
    "id": 21574,
    "DevComment": "Unique Item"
  },
  {
    "id": 21576,
    "DevComment": "Unique Item"
  },
  {
    "id": 21578,
    "DevComment": "Unique Item"
  },
  {
    "id": 21579,
    "DevComment": "Unique Item"
  },
  {
    "id": 21581,
    "DevComment": "Unique Item"
  },
  {
    "id": 21582,
    "DevComment": "Unique Item"
  },
  {
    "id": 21583,
    "DevComment": "Unique Item"
  },
  {
    "id": 21584,
    "DevComment": "Unique Item"
  },
  {
    "id": 21585,
    "DevComment": "Unique Item"
  },
  {
    "id": 21586,
    "DevComment": "Unique Item"
  },
  {
    "id": 21587,
    "DevComment": "Unique Item"
  },
  {
    "id": 21588,
    "DevComment": "Unique Item"
  },
  {
    "id": 21589,
    "DevComment": "Unique Item"
  },
  {
    "id": 21590,
    "DevComment": "Unique Item"
  },
  {
    "id": 21591,
    "DevComment": "Unique Item"
  },
  {
    "id": 21592,
    "DevComment": "Unique Item"
  },
  {
    "id": 21593,
    "DevComment": "Unique Item"
  },
  {
    "id": 21595,
    "DevComment": "Unique Item"
  },
  {
    "id": 21596,
    "DevComment": "Unique Item"
  },
  {
    "id": 21597,
    "DevComment": "Unique Item"
  },
  {
    "id": 21598,
    "DevComment": "Unique Item"
  },
  {
    "id": 21599,
    "DevComment": "Unique Item"
  },
  {
    "id": 21608,
    "DevComment": "Unique Item"
  },
  {
    "id": 21609,
    "DevComment": "Unique Item"
  },
  {
    "id": 21610,
    "DevComment": "Unique Item"
  },
  {
    "id": 21611,
    "DevComment": "Unique Item"
  },
  {
    "id": 21612,
    "DevComment": "Unique Item"
  },
  {
    "id": 21613,
    "DevComment": "Unique Item"
  },
  {
    "id": 21614,
    "DevComment": "Unique Item"
  },
  {
    "id": 21615,
    "DevComment": "Unique Item"
  },
  {
    "id": 21616,
    "DevComment": "Unique Item"
  },
  {
    "id": 21617,
    "DevComment": "Unique Item"
  },
  {
    "id": 21618,
    "DevComment": "Unique Item"
  },
  {
    "id": 21619,
    "DevComment": "Unique Item"
  },
  {
    "id": 21621,
    "DevComment": "Unique Item"
  },
  {
    "id": 21622,
    "DevComment": "Unique Item"
  },
  {
    "id": 21623,
    "DevComment": "Unique Item"
  },
  {
    "id": 21624,
    "DevComment": "Unique Item"
  },
  {
    "id": 21625,
    "DevComment": "Unique Item"
  },
  {
    "id": 21626,
    "DevComment": "Unique Item"
  },
  {
    "id": 21627,
    "DevComment": "Unique Item"
  },
  {
    "id": 21628,
    "DevComment": "Unique Item"
  },
  {
    "id": 21629,
    "DevComment": "Unique Item"
  },
  {
    "id": 21630,
    "DevComment": "Unique Item"
  },
  {
    "id": 21631,
    "DevComment": "Unique Item"
  },
  {
    "id": 21632,
    "DevComment": "Unique Item"
  },
  {
    "id": 21633,
    "DevComment": "Unique Item"
  },
  {
    "id": 21634,
    "DevComment": "Unique Item"
  },
  {
    "id": 21635,
    "DevComment": "Unique Item"
  },
  {
    "id": 21636,
    "DevComment": "Unique Item"
  },
  {
    "id": 21637,
    "DevComment": "Unique Item"
  },
  {
    "id": 21638,
    "DevComment": "Unique Item"
  },
  {
    "id": 21639,
    "DevComment": "Unique Item"
  },
  {
    "id": 21640,
    "DevComment": "Set Item"
  },
  {
    "id": 21641,
    "DevComment": "Unique Item"
  },
  {
    "id": 21642,
    "DevComment": "Unique Item"
  },
  {
    "id": 21643,
    "DevComment": "Unique Item"
  },
  {
    "id": 21644,
    "DevComment": "Unique Item"
  },
  {
    "id": 21645,
    "DevComment": "Unique Item"
  },
  {
    "id": 21646,
    "DevComment": "Unique Item"
  },
  {
    "id": 21647,
    "DevComment": "Unique Item"
  },
  {
    "id": 21648,
    "DevComment": "Unique Item"
  },
  {
    "id": 21649,
    "DevComment": "Unique Item"
  },
  {
    "id": 21650,
    "DevComment": "Unique Item"
  },
  {
    "id": 21651,
    "DevComment": "Unique Item"
  },
  {
    "id": 21652,
    "DevComment": "Unique Item"
  },
  {
    "id": 21653,
    "DevComment": "Unique Item"
  },
  {
    "id": 21654,
    "DevComment": "Unique Item"
  },
  {
    "id": 21656,
    "DevComment": "Unique Item"
  },
  {
    "id": 21657,
    "DevComment": "Unique Item"
  },
  {
    "id": 21658,
    "DevComment": "Unique Item"
  },
  {
    "id": 21659,
    "DevComment": "Unique Item"
  },
  {
    "id": 21660,
    "DevComment": "Set Item"
  },
  {
    "id": 21661,
    "DevComment": "Set Item"
  },
  {
    "id": 21662,
    "DevComment": "Set Item"
  },
  {
    "id": 21664,
    "DevComment": "Set Item"
  },
  {
    "id": 21665,
    "DevComment": "Set Item"
  },
  {
    "id": 21666,
    "DevComment": "Set Item"
  },
  {
    "id": 21667,
    "DevComment": "Set Item"
  },
  {
    "id": 21668,
    "DevComment": "Set Item"
  },
  {
    "id": 21669,
    "DevComment": "Set Item"
  },
  {
    "id": 21670,
    "DevComment": "Set Item"
  },
  {
    "id": 21671,
    "DevComment": "Set Item"
  },
  {
    "id": 21672,
    "DevComment": "Set Item"
  },
  {
    "id": 21673,
    "DevComment": "Set Item"
  },
  {
    "id": 21674,
    "DevComment": "Set Item"
  },
  {
    "id": 21675,
    "DevComment": "Set Item"
  },
  {
    "id": 21676,
    "DevComment": "Set Item"
  },
  {
    "id": 21687,
    "DevComment": "Set Item"
  },
  {
    "id": 21688,
    "DevComment": "Set Item"
  },
  {
    "id": 21689,
    "DevComment": "Set Item"
  },
  {
    "id": 21696,
    "DevComment": "Set Item"
  },
  {
    "id": 21697,
    "DevComment": "Set Item"
  },
  {
    "id": 21698,
    "DevComment": "Set Item"
  },
  {
    "id": 21699,
    "DevComment": "Set Item"
  },
  {
    "id": 21700,
    "DevComment": "Set Item"
  },
  {
    "id": 21701,
    "DevComment": "Set Item"
  },
  {
    "id": 21702,
    "DevComment": "Set Item"
  },
  {
    "id": 21703,
    "DevComment": "Set Item"
  },
  {
    "id": 21704,
    "DevComment": "Set Item"
  },
  {
    "id": 21705,
    "DevComment": "Set Item"
  },
  {
    "id": 21706,
    "DevComment": "Set Item"
  },
  {
    "id": 21707,
    "DevComment": "Set Item"
  },
  {
    "id": 21708,
    "DevComment": "Set Item"
  },
  {
    "id": 21709,
    "DevComment": "Set Item"
  },
  {
    "id": 21710,
    "DevComment": "Set Item"
  },
  {
    "id": 21711,
    "DevComment": "Set Item"
  },
  {
    "id": 21712,
    "DevComment": "Set Item"
  },
  {
    "id": 21713,
    "DevComment": "Set Item"
  },
  {
    "id": 21714,
    "DevComment": "Set Item"
  },
  {
    "id": 21716,
    "DevComment": "Set Item"
  },
  {
    "id": 21717,
    "DevComment": "Set Item"
  },
  {
    "id": 21718,
    "DevComment": "Set Item"
  },
  {
    "id": 21719,
    "DevComment": "Set Item"
  },
  {
    "id": 21720,
    "DevComment": "Set Item"
  },
  {
    "id": 21721,
    "DevComment": "Set Item"
  },
  {
    "id": 21722,
    "DevComment": "Set Item"
  },
  {
    "id": 21723,
    "DevComment": "Set Item"
  },
  {
    "id": 21724,
    "DevComment": "Set Item"
  },
  {
    "id": 21725,
    "DevComment": "Set Item"
  },
  {
    "id": 21730,
    "DevComment": "Set Item"
  },
  {
    "id": 21731,
    "DevComment": "Set Item"
  },
  {
    "id": 21733,
    "DevComment": "Set Item"
  },
  {
    "id": 21734,
    "DevComment": "Set Item"
  },
  {
    "id": 21735,
    "DevComment": "Unique Item"
  },
  {
    "id": 21737,
    "DevComment": "Unique Item"
  },
  {
    "id": 21743,
    "DevComment": "Unique Item"
  },
  {
    "id": 21744,
    "DevComment": "Unique Item"
  },
  {
    "id": 21750,
    "DevComment": "Unique Item"
  },
  {
    "id": 21755,
    "DevComment": "Unique Item"
  },
  {
    "id": 21758,
    "DevComment": "Unique Item"
  },
  {
    "id": 21762,
    "DevComment": "Unique Item"
  },
  {
    "id": 21778,
    "DevComment": "Noun"
  },
  {
    "id": 21779,
    "DevComment": "Noun"
  },
  {
    "id": 21780,
    "DevComment": "Normal Item, Noun"
  },
  {
    "id": 21784,
    "DevComment": "Unique Item"
  },
  {
    "id": 21815,
    "DevComment": "Set Item"
  },
  {
    "id": 21816,
    "DevComment": "Set Item"
  },
  {
    "id": 21817,
    "DevComment": "Set Item"
  },
  {
    "id": 21818,
    "DevComment": "Set Item"
  },
  {
    "id": 21819,
    "DevComment": "Set Item"
  },
  {
    "id": 21820,
    "DevComment": "Set Item"
  },
  {
    "id": 21821,
    "DevComment": "Set Item"
  },
  {
    "id": 21822,
    "DevComment": "Set Item"
  },
  {
    "id": 21823,
    "DevComment": "Set Item"
  },
  {
    "id": 21824,
    "DevComment": "Set Item"
  },
  {
    "id": 21825,
    "DevComment": "Set Item"
  },
  {
    "id": 21826,
    "DevComment": "Set Item"
  },
  {
    "id": 21827,
    "DevComment": "Unique Item"
  },
  {
    "id": 21828,
    "DevComment": "Unique Item"
  },
  {
    "id": 21829,
    "DevComment": "Unique Item"
  },
  {
    "id": 21830,
    "DevComment": "Set Item"
  },
  {
    "id": 21831,
    "DevComment": "Set Item"
  },
  {
    "id": 21832,
    "DevComment": "Set Item"
  },
  {
    "id": 21833,
    "DevComment": "Set Item"
  },
  {
    "id": 21834,
    "DevComment": "Set Item"
  },
  {
    "id": 21837,
    "DevComment": "Set Item"
  },
  {
    "id": 21839,
    "DevComment": "Set Item"
  },
  {
    "id": 21840,
    "DevComment": "Set Item"
  },
  {
    "id": 21841,
    "DevComment": "Set Item"
  },
  {
    "id": 21842,
    "DevComment": "Set Item"
  },
  {
    "id": 21843,
    "DevComment": "Set Item"
  },
  {
    "id": 21844,
    "DevComment": "Set Item"
  },
  {
    "id": 21845,
    "DevComment": "Set Item"
  },
  {
    "id": 21846,
    "DevComment": "Set Item"
  },
  {
    "id": 21847,
    "DevComment": "Set Item"
  },
  {
    "id": 21848,
    "DevComment": "Noun"
  },
  {
    "id": 21849,
    "DevComment": "Noun"
  },
  {
    "id": 21850,
    "DevComment": "Noun"
  },
  {
    "id": 21861,
    "DevComment": "Noun"
  },
  {
    "id": 21863,
    "DevComment": "Noun"
  },
  {
    "id": 21875,
    "DevComment": "Set Item"
  },
  {
    "id": 21876,
    "DevComment": "Set Item"
  },
  {
    "id": 21877,
    "DevComment": "Set Item"
  },
  {
    "id": 21878,
    "DevComment": "Set Item"
  },
  {
    "id": 21879,
    "DevComment": "Set Item"
  }
]
