﻿[
  {
    "id": 1014,
    "DevComment": "Noun"
  },
  {
    "id": 1015,
    "DevComment": "Noun"
  },
  {
    "id": 1067,
    "DevComment": "Noun"
  },
  {
    "id": 1068,
    "DevComment": "Noun"
  },
  {
    "id": 2286,
    "DevComment": "Adjective"
  },
  {
    "id": 2349,
    "DevComment": "Noun"
  },
  {
    "id": 2463,
    "DevComment": "Noun"
  },
  {
    "id": 2874,
    "DevComment": "Noun"
  },
  {
    "id": 2879,
    "DevComment": "Noun"
  },
  {
    "id": 2889,
    "DevComment": "Noun"
  },
  {
    "id": 2898,
    "DevComment": "Noun"
  },
  {
    "id": 2899,
    "DevComment": "Noun"
  },
  {
    "id": 2900,
    "DevComment": "Noun"
  },
  {
    "id": 2901,
    "DevComment": "Noun"
  },
  {
    "id": 2902,
    "DevComment": "Noun"
  },
  {
    "id": 2903,
    "DevComment": "Noun"
  },
  {
    "id": 2904,
    "DevComment": "Noun"
  },
  {
    "id": 2905,
    "DevComment": "Noun"
  },
  {
    "id": 2906,
    "DevComment": "Noun"
  },
  {
    "id": 2907,
    "DevComment": "Noun"
  },
  {
    "id": 2908,
    "DevComment": "Noun"
  },
  {
    "id": 2909,
    "DevComment": "Noun"
  },
  {
    "id": 2910,
    "DevComment": "Noun"
  },
  {
    "id": 2911,
    "DevComment": "Noun"
  },
  {
    "id": 2912,
    "DevComment": "Noun"
  },
  {
    "id": 2913,
    "DevComment": "Noun"
  },
  {
    "id": 2914,
    "DevComment": "Noun"
  },
  {
    "id": 2915,
    "DevComment": "Noun"
  },
  {
    "id": 2916,
    "DevComment": "Noun"
  },
  {
    "id": 2917,
    "DevComment": "Noun"
  },
  {
    "id": 2918,
    "DevComment": "Noun"
  },
  {
    "id": 2919,
    "DevComment": "Noun"
  },
  {
    "id": 2920,
    "DevComment": "Noun"
  },
  {
    "id": 2921,
    "DevComment": "Noun"
  },
  {
    "id": 2922,
    "DevComment": "Noun"
  },
  {
    "id": 2923,
    "DevComment": "Noun"
  },
  {
    "id": 2924,
    "DevComment": "Noun"
  },
  {
    "id": 2925,
    "DevComment": "Noun"
  },
  {
    "id": 2926,
    "DevComment": "Noun"
  },
  {
    "id": 2927,
    "DevComment": "Noun"
  },
  {
    "id": 2928,
    "DevComment": "Noun"
  },
  {
    "id": 2929,
    "DevComment": "Noun"
  },
  {
    "id": 2930,
    "DevComment": "Noun"
  },
  {
    "id": 2931,
    "DevComment": "Noun"
  },
  {
    "id": 2932,
    "DevComment": "Noun"
  },
  {
    "id": 2933,
    "DevComment": "Noun"
  },
  {
    "id": 2934,
    "DevComment": "Noun"
  },
  {
    "id": 2935,
    "DevComment": "Noun"
  },
  {
    "id": 2936,
    "DevComment": "Noun"
  },
  {
    "id": 2937,
    "DevComment": "Noun"
  },
  {
    "id": 2938,
    "DevComment": "Noun"
  },
  {
    "id": 2939,
    "DevComment": "Noun"
  },
  {
    "id": 2940,
    "DevComment": "Noun"
  },
  {
    "id": 2941,
    "DevComment": "Noun"
  },
  {
    "id": 2942,
    "DevComment": "Noun"
  },
  {
    "id": 2943,
    "DevComment": "Noun"
  },
  {
    "id": 2944,
    "DevComment": "Noun"
  },
  {
    "id": 2945,
    "DevComment": "Noun"
  },
  {
    "id": 2946,
    "DevComment": "Noun"
  },
  {
    "id": 2947,
    "DevComment": "Noun"
  },
  {
    "id": 2948,
    "DevComment": "Noun"
  },
  {
    "id": 2949,
    "DevComment": "Noun"
  },
  {
    "id": 2950,
    "DevComment": "Noun"
  },
  {
    "id": 2951,
    "DevComment": "Noun"
  },
  {
    "id": 2952,
    "DevComment": "Noun"
  },
  {
    "id": 2953,
    "DevComment": "Noun"
  },
  {
    "id": 2954,
    "DevComment": "Noun"
  },
  {
    "id": 2955,
    "DevComment": "Noun"
  },
  {
    "id": 2956,
    "DevComment": "Noun"
  },
  {
    "id": 2957,
    "DevComment": "Noun"
  },
  {
    "id": 2958,
    "DevComment": "Noun"
  },
  {
    "id": 2959,
    "DevComment": "Noun"
  },
  {
    "id": 2960,
    "DevComment": "Noun"
  },
  {
    "id": 2961,
    "DevComment": "Noun"
  },
  {
    "id": 2962,
    "DevComment": "Noun"
  },
  {
    "id": 2963,
    "DevComment": "Noun"
  },
  {
    "id": 2964,
    "DevComment": "Noun"
  },
  {
    "id": 2965,
    "DevComment": "Noun"
  },
  {
    "id": 2966,
    "DevComment": "Noun"
  },
  {
    "id": 2967,
    "DevComment": "Noun"
  },
  {
    "id": 2968,
    "DevComment": "Noun"
  },
  {
    "id": 2969,
    "DevComment": "Noun"
  },
  {
    "id": 2970,
    "DevComment": "Noun"
  },
  {
    "id": 2971,
    "DevComment": "Noun"
  },
  {
    "id": 2972,
    "DevComment": "Noun"
  },
  {
    "id": 2973,
    "DevComment": "Noun"
  },
  {
    "id": 2974,
    "DevComment": "Noun"
  },
  {
    "id": 2975,
    "DevComment": "Noun"
  },
  {
    "id": 2976,
    "DevComment": "Noun"
  },
  {
    "id": 2977,
    "DevComment": "Noun"
  },
  {
    "id": 2978,
    "DevComment": "Noun"
  },
  {
    "id": 2979,
    "DevComment": "Noun"
  },
  {
    "id": 2980,
    "DevComment": "Noun"
  },
  {
    "id": 2981,
    "DevComment": "Noun"
  },
  {
    "id": 2982,
    "DevComment": "Noun"
  },
  {
    "id": 2984,
    "DevComment": "Noun"
  },
  {
    "id": 2985,
    "DevComment": "Noun"
  },
  {
    "id": 2986,
    "DevComment": "Noun"
  },
  {
    "id": 2987,
    "DevComment": "Noun"
  },
  {
    "id": 2988,
    "DevComment": "Noun"
  },
  {
    "id": 2990,
    "DevComment": "Noun"
  },
  {
    "id": 2991,
    "DevComment": "Noun"
  },
  {
    "id": 2992,
    "DevComment": "Noun"
  },
  {
    "id": 2993,
    "DevComment": "Noun"
  },
  {
    "id": 2994,
    "DevComment": "Noun"
  },
  {
    "id": 2995,
    "DevComment": "Noun"
  },
  {
    "id": 2996,
    "DevComment": "Noun"
  },
  {
    "id": 2997,
    "DevComment": "Noun"
  },
  {
    "id": 2998,
    "DevComment": "Noun"
  },
  {
    "id": 2999,
    "DevComment": "Noun"
  },
  {
    "id": 3000,
    "DevComment": "Noun"
  },
  {
    "id": 3001,
    "DevComment": "Noun"
  },
  {
    "id": 3003,
    "DevComment": "Noun"
  },
  {
    "id": 3004,
    "DevComment": "Noun"
  },
  {
    "id": 3005,
    "DevComment": "Noun"
  },
  {
    "id": 3006,
    "DevComment": "Noun"
  },
  {
    "id": 3007,
    "DevComment": "Noun"
  },
  {
    "id": 3008,
    "DevComment": "Noun"
  },
  {
    "id": 3009,
    "DevComment": "Noun"
  },
  {
    "id": 3010,
    "DevComment": "Noun"
  },
  {
    "id": 3011,
    "DevComment": "Noun"
  },
  {
    "id": 3012,
    "DevComment": "Noun"
  },
  {
    "id": 3013,
    "DevComment": "Noun"
  },
  {
    "id": 3014,
    "DevComment": "Noun"
  },
  {
    "id": 3015,
    "DevComment": "Noun"
  },
  {
    "id": 3016,
    "DevComment": "Noun"
  },
  {
    "id": 3017,
    "DevComment": "Noun"
  },
  {
    "id": 3018,
    "DevComment": "Noun"
  },
  {
    "id": 3019,
    "DevComment": "Noun"
  },
  {
    "id": 3020,
    "DevComment": "Noun"
  },
  {
    "id": 3021,
    "DevComment": "Noun"
  },
  {
    "id": 3034,
    "DevComment": "Noun"
  },
  {
    "id": 3035,
    "DevComment": "Noun"
  },
  {
    "id": 3036,
    "DevComment": "Noun"
  },
  {
    "id": 3037,
    "DevComment": "Noun"
  },
  {
    "id": 3038,
    "DevComment": "Noun"
  },
  {
    "id": 3039,
    "DevComment": "Noun"
  },
  {
    "id": 3041,
    "DevComment": "Noun"
  },
  {
    "id": 3042,
    "DevComment": "Noun"
  },
  {
    "id": 3043,
    "DevComment": "Noun"
  },
  {
    "id": 3044,
    "DevComment": "Noun"
  },
  {
    "id": 3045,
    "DevComment": "Noun"
  },
  {
    "id": 3046,
    "DevComment": "Noun"
  },
  {
    "id": 3047,
    "DevComment": "Noun"
  },
  {
    "id": 3048,
    "DevComment": "Noun"
  },
  {
    "id": 3049,
    "DevComment": "Noun"
  },
  {
    "id": 3050,
    "DevComment": "Noun"
  },
  {
    "id": 3051,
    "DevComment": "Noun"
  },
  {
    "id": 3052,
    "DevComment": "Noun"
  },
  {
    "id": 3053,
    "DevComment": "Noun"
  },
  {
    "id": 3054,
    "DevComment": "Noun"
  },
  {
    "id": 3055,
    "DevComment": "Noun"
  },
  {
    "id": 3056,
    "DevComment": "Noun"
  },
  {
    "id": 3057,
    "DevComment": "Noun"
  },
  {
    "id": 3058,
    "DevComment": "Noun"
  },
  {
    "id": 3059,
    "DevComment": "Noun"
  },
  {
    "id": 3060,
    "DevComment": "Noun"
  },
  {
    "id": 3062,
    "DevComment": "Noun"
  },
  {
    "id": 3063,
    "DevComment": "Noun"
  },
  {
    "id": 3064,
    "DevComment": "Noun"
  },
  {
    "id": 3065,
    "DevComment": "Noun"
  },
  {
    "id": 3066,
    "DevComment": "Noun"
  },
  {
    "id": 3067,
    "DevComment": "Noun"
  },
  {
    "id": 3068,
    "DevComment": "Noun"
  },
  {
    "id": 3069,
    "DevComment": "Noun"
  },
  {
    "id": 3070,
    "DevComment": "Noun"
  },
  {
    "id": 3071,
    "DevComment": "Noun"
  },
  {
    "id": 3072,
    "DevComment": "Noun"
  },
  {
    "id": 3073,
    "DevComment": "Noun"
  },
  {
    "id": 3074,
    "DevComment": "Noun"
  },
  {
    "id": 3075,
    "DevComment": "Noun"
  },
  {
    "id": 3076,
    "DevComment": "Noun"
  },
  {
    "id": 3077,
    "DevComment": "Noun"
  },
  {
    "id": 3078,
    "DevComment": "Noun"
  },
  {
    "id": 3079,
    "DevComment": "Noun"
  },
  {
    "id": 3080,
    "DevComment": "Noun"
  },
  {
    "id": 3081,
    "DevComment": "Noun"
  },
  {
    "id": 3082,
    "DevComment": "Noun"
  },
  {
    "id": 3083,
    "DevComment": "Noun"
  },
  {
    "id": 3084,
    "DevComment": "Noun"
  },
  {
    "id": 3085,
    "DevComment": "Noun"
  },
  {
    "id": 3086,
    "DevComment": "Noun"
  },
  {
    "id": 3088,
    "DevComment": "Noun"
  },
  {
    "id": 3089,
    "DevComment": "Noun"
  },
  {
    "id": 3090,
    "DevComment": "Noun"
  },
  {
    "id": 3091,
    "DevComment": "Noun"
  },
  {
    "id": 3092,
    "DevComment": "Noun"
  },
  {
    "id": 3093,
    "DevComment": "Noun"
  },
  {
    "id": 3094,
    "DevComment": "Noun"
  },
  {
    "id": 3095,
    "DevComment": "Noun"
  },
  {
    "id": 3096,
    "DevComment": "Noun"
  },
  {
    "id": 3098,
    "DevComment": "Noun"
  },
  {
    "id": 3099,
    "DevComment": "Noun"
  },
  {
    "id": 3100,
    "DevComment": "Noun"
  },
  {
    "id": 3101,
    "DevComment": "Noun"
  },
  {
    "id": 3102,
    "DevComment": "Noun"
  },
  {
    "id": 3103,
    "DevComment": "Noun"
  },
  {
    "id": 3104,
    "DevComment": "Noun"
  },
  {
    "id": 3105,
    "DevComment": "Noun"
  },
  {
    "id": 3106,
    "DevComment": "Noun"
  },
  {
    "id": 3107,
    "DevComment": "Noun"
  },
  {
    "id": 3109,
    "DevComment": "Noun"
  },
  {
    "id": 3110,
    "DevComment": "Noun"
  },
  {
    "id": 3111,
    "DevComment": "Noun"
  },
  {
    "id": 3115,
    "DevComment": "Noun"
  },
  {
    "id": 3116,
    "DevComment": "Noun"
  },
  {
    "id": 3117,
    "DevComment": "Noun"
  },
  {
    "id": 3118,
    "DevComment": "Noun"
  },
  {
    "id": 3119,
    "DevComment": "Noun"
  },
  {
    "id": 3120,
    "DevComment": "Noun"
  },
  {
    "id": 3121,
    "DevComment": "Noun"
  },
  {
    "id": 3126,
    "DevComment": "Noun"
  },
  {
    "id": 3127,
    "DevComment": "Noun"
  },
  {
    "id": 3128,
    "DevComment": "Noun"
  },
  {
    "id": 3129,
    "DevComment": "Noun"
  },
  {
    "id": 3130,
    "DevComment": "Noun"
  },
  {
    "id": 3131,
    "DevComment": "Noun"
  },
  {
    "id": 3132,
    "DevComment": "Noun"
  },
  {
    "id": 3133,
    "DevComment": "Noun"
  },
  {
    "id": 3134,
    "DevComment": "Noun"
  },
  {
    "id": 3135,
    "DevComment": "Noun"
  },
  {
    "id": 3136,
    "DevComment": "Noun"
  },
  {
    "id": 3137,
    "DevComment": "Noun"
  },
  {
    "id": 3138,
    "DevComment": "Noun"
  },
  {
    "id": 3139,
    "DevComment": "Noun"
  },
  {
    "id": 3140,
    "DevComment": "Noun"
  },
  {
    "id": 3142,
    "DevComment": "Noun"
  },
  {
    "id": 3143,
    "DevComment": "Noun"
  },
  {
    "id": 3144,
    "DevComment": "Noun"
  },
  {
    "id": 3145,
    "DevComment": "Noun"
  },
  {
    "id": 3146,
    "DevComment": "Noun"
  },
  {
    "id": 3147,
    "DevComment": "Noun"
  },
  {
    "id": 3148,
    "DevComment": "Noun"
  },
  {
    "id": 3149,
    "DevComment": "Noun"
  },
  {
    "id": 3150,
    "DevComment": "Noun"
  },
  {
    "id": 3151,
    "DevComment": "Noun"
  },
  {
    "id": 3153,
    "DevComment": "Noun"
  },
  {
    "id": 3155,
    "DevComment": "Noun"
  },
  {
    "id": 3157,
    "DevComment": "Noun"
  },
  {
    "id": 3159,
    "DevComment": "Noun"
  },
  {
    "id": 3160,
    "DevComment": "Noun"
  },
  {
    "id": 3161,
    "DevComment": "Noun"
  },
  {
    "id": 3162,
    "DevComment": "Noun"
  },
  {
    "id": 3163,
    "DevComment": "Noun"
  },
  {
    "id": 3164,
    "DevComment": "Noun"
  },
  {
    "id": 3165,
    "DevComment": "Noun"
  },
  {
    "id": 3166,
    "DevComment": "Noun"
  },
  {
    "id": 3167,
    "DevComment": "Noun"
  },
  {
    "id": 3168,
    "DevComment": "Noun"
  },
  {
    "id": 3169,
    "DevComment": "Noun"
  },
  {
    "id": 3170,
    "DevComment": "Noun"
  },
  {
    "id": 3171,
    "DevComment": "Noun"
  },
  {
    "id": 3172,
    "DevComment": "Noun"
  },
  {
    "id": 3173,
    "DevComment": "Noun"
  },
  {
    "id": 3174,
    "DevComment": "Noun"
  },
  {
    "id": 3175,
    "DevComment": "Noun"
  },
  {
    "id": 3178,
    "DevComment": "Noun"
  },
  {
    "id": 3246,
    "DevComment": "Noun"
  },
  {
    "id": 3283,
    "DevComment": "Noun"
  },
  {
    "id": 10002,
    "DevComment": "Noun"
  },
  {
    "id": 10908,
    "DevComment": "Noun"
  },
  {
    "id": 10909,
    "DevComment": "Noun"
  },
  {
    "id": 11013,
    "DevComment": "Adjective"
  },
  {
    "id": 11014,
    "DevComment": "Adjective"
  },
  {
    "id": 11015,
    "DevComment": "Noun"
  },
  {
    "id": 11016,
    "DevComment": "Noun"
  },
  {
    "id": 11084,
    "DevComment": "Adjective"
  },
  {
    "id": 11086,
    "DevComment": "Adjective"
  },
  {
    "id": 11154,
    "DevComment": "Noun"
  },
  {
    "id": 21859,
    "DevComment": "Noun"
  },
  {
    "id": 21860,
    "DevComment": "Noun"
  },
  {
    "id": 21862,
    "DevComment": "Noun"
  },
  {
    "id": 21864,
    "DevComment": "Noun"
  },
  {
    "id": 22338,
    "DevComment": "Noun"
  },
  {
    "id": 22342,
    "DevComment": "Noun"
  },
  {
    "id": 22343,
    "DevComment": "Noun"
  },
  {
    "id": 22344,
    "DevComment": "Noun"
  },
  {
    "id": 22345,
    "DevComment": "Noun"
  },
  {
    "id": 22346,
    "DevComment": "Noun"
  },
  {
    "id": 22347,
    "DevComment": "Noun"
  },
  {
    "id": 22348,
    "DevComment": "Noun"
  },
  {
    "id": 22349,
    "DevComment": "Noun"
  },
  {
    "id": 22350,
    "DevComment": "Noun"
  },
  {
    "id": 22353,
    "DevComment": "Noun"
  },
  {
    "id": 22354,
    "DevComment": "Noun"
  },
  {
    "id": 22355,
    "DevComment": "Noun"
  },
  {
    "id": 22356,
    "DevComment": "Noun"
  },
  {
    "id": 22357,
    "DevComment": "Noun"
  },
  {
    "id": 22358,
    "DevComment": "Noun"
  },
  {
    "id": 22359,
    "DevComment": "Noun"
  },
  {
    "id": 22360,
    "DevComment": "Noun"
  },
  {
    "id": 22361,
    "DevComment": "Noun"
  },
  {
    "id": 22362,
    "DevComment": "Noun"
  },
  {
    "id": 22370,
    "DevComment": "Noun"
  },
  {
    "id": 22371,
    "DevComment": "Noun"
  },
  {
    "id": 22372,
    "DevComment": "Noun"
  },
  {
    "id": 22373,
    "DevComment": "Noun"
  },
  {
    "id": 22374,
    "DevComment": "Noun"
  },
  {
    "id": 22375,
    "DevComment": "Noun"
  },
  {
    "id": 22376,
    "DevComment": "Noun"
  },
  {
    "id": 22377,
    "DevComment": "Noun"
  },
  {
    "id": 22378,
    "DevComment": "Noun"
  },
  {
    "id": 22379,
    "DevComment": "Noun"
  },
  {
    "id": 22380,
    "DevComment": "Noun"
  },
  {
    "id": 22381,
    "DevComment": "Noun"
  },
  {
    "id": 22382,
    "DevComment": "Noun"
  },
  {
    "id": 22383,
    "DevComment": "Noun"
  },
  {
    "id": 22384,
    "DevComment": "Noun"
  },
  {
    "id": 22385,
    "DevComment": "Noun"
  },
  {
    "id": 22386,
    "DevComment": "Noun"
  },
  {
    "id": 22387,
    "DevComment": "Noun"
  },
  {
    "id": 22388,
    "DevComment": "Noun"
  },
  {
    "id": 22389,
    "DevComment": "Noun"
  },
  {
    "id": 22390,
    "DevComment": "Noun"
  },
  {
    "id": 22391,
    "DevComment": "Noun"
  },
  {
    "id": 22392,
    "DevComment": "Noun"
  },
  {
    "id": 22393,
    "DevComment": "Noun"
  },
  {
    "id": 22394,
    "DevComment": "Noun"
  },
  {
    "id": 22395,
    "DevComment": "Noun"
  },
  {
    "id": 22396,
    "DevComment": "Noun"
  },
  {
    "id": 22397,
    "DevComment": "Noun"
  },
  {
    "id": 22398,
    "DevComment": "Noun"
  },
  {
    "id": 22399,
    "DevComment": "Noun"
  },
  {
    "id": 22400,
    "DevComment": "Noun"
  },
  {
    "id": 22401,
    "DevComment": "Noun"
  },
  {
    "id": 22402,
    "DevComment": "Noun"
  },
  {
    "id": 22403,
    "DevComment": "Noun"
  },
  {
    "id": 22404,
    "DevComment": "Noun"
  },
  {
    "id": 22406,
    "DevComment": "Noun"
  },
  {
    "id": 22407,
    "DevComment": "Noun"
  },
  {
    "id": 22408,
    "DevComment": "Noun"
  },
  {
    "id": 22409,
    "DevComment": "Noun"
  },
  {
    "id": 22410,
    "DevComment": "Noun"
  },
  {
    "id": 22412,
    "DevComment": "Noun"
  },
  {
    "id": 22413,
    "DevComment": "Noun"
  },
  {
    "id": 22414,
    "DevComment": "Noun"
  },
  {
    "id": 22415,
    "DevComment": "Noun"
  },
  {
    "id": 22416,
    "DevComment": "Noun"
  },
  {
    "id": 22417,
    "DevComment": "Noun"
  },
  {
    "id": 22418,
    "DevComment": "Noun"
  },
  {
    "id": 22419,
    "DevComment": "Noun"
  },
  {
    "id": 22420,
    "DevComment": "Noun"
  },
  {
    "id": 22421,
    "DevComment": "Noun"
  },
  {
    "id": 22422,
    "DevComment": "Noun"
  },
  {
    "id": 22423,
    "DevComment": "Noun"
  },
  {
    "id": 22424,
    "DevComment": "Noun"
  },
  {
    "id": 22426,
    "DevComment": "Noun"
  },
  {
    "id": 22427,
    "DevComment": "Noun"
  },
  {
    "id": 22428,
    "DevComment": "Noun"
  },
  {
    "id": 22429,
    "DevComment": "Noun"
  },
  {
    "id": 22430,
    "DevComment": "Noun"
  },
  {
    "id": 22431,
    "DevComment": "Noun"
  },
  {
    "id": 22432,
    "DevComment": "Noun"
  },
  {
    "id": 22433,
    "DevComment": "Noun"
  },
  {
    "id": 22434,
    "DevComment": "Noun"
  },
  {
    "id": 22436,
    "DevComment": "Noun"
  },
  {
    "id": 22437,
    "DevComment": "Noun"
  },
  {
    "id": 22438,
    "DevComment": "Noun"
  },
  {
    "id": 22439,
    "DevComment": "Noun"
  },
  {
    "id": 22440,
    "DevComment": "Noun"
  },
  {
    "id": 22441,
    "DevComment": "Noun"
  },
  {
    "id": 22442,
    "DevComment": "Noun"
  },
  {
    "id": 22443,
    "DevComment": "Noun"
  },
  {
    "id": 22444,
    "DevComment": "Noun"
  },
  {
    "id": 22445,
    "DevComment": "Noun"
  },
  {
    "id": 22446,
    "DevComment": "Noun"
  },
  {
    "id": 22447,
    "DevComment": "Noun"
  },
  {
    "id": 22448,
    "DevComment": "Noun"
  },
  {
    "id": 22449,
    "DevComment": "Noun"
  },
  {
    "id": 22450,
    "DevComment": "Noun"
  },
  {
    "id": 22451,
    "DevComment": "Noun"
  },
  {
    "id": 22452,
    "DevComment": "Noun"
  },
  {
    "id": 22453,
    "DevComment": "Noun"
  },
  {
    "id": 22454,
    "DevComment": "Noun"
  },
  {
    "id": 22455,
    "DevComment": "Noun"
  },
  {
    "id": 22456,
    "DevComment": "Noun"
  },
  {
    "id": 22457,
    "DevComment": "Noun"
  },
  {
    "id": 22458,
    "DevComment": "Noun"
  },
  {
    "id": 22461,
    "DevComment": "Noun"
  },
  {
    "id": 22462,
    "DevComment": "Noun"
  },
  {
    "id": 22463,
    "DevComment": "Noun"
  },
  {
    "id": 22469,
    "DevComment": "Noun"
  },
  {
    "id": 22488,
    "DevComment": "Noun"
  },
  {
    "id": 22489,
    "DevComment": "Noun"
  },
  {
    "id": 22490,
    "DevComment": "Noun"
  },
  {
    "id": 23966,
    "DevComment": "Noun"
  }
]
