﻿[
  {
    "id": 3122,
    "DevComment": "Noun"
  },
  {
    "id": 3123,
    "DevComment": "Noun"
  },
  {
    "id": 3124,
    "DevComment": "Noun"
  },
  {
    "id": 3125,
    "DevComment": "Noun"
  },
  {
    "id": 3179,
    "DevComment": "Noun"
  },
  {
    "id": 3180,
    "DevComment": "Noun"
  },
  {
    "id": 3325,
    "DevComment": "Noun"
  },
  {
    "id": 4696,
    "DevComment": "Noun"
  },
  {
    "id": 4725,
    "DevComment": "Noun"
  },
  {  
    "id": 22278,
    "DevComment": "2.4 Balance Change"
  },
  {  
    "id": 22282,
    "DevComment": "2.4 Balance Change"
  },
  {  
    "id": 22335,
    "DevComment": "Noun"
  },
  {
    "id": 22336,
    "DevComment": "Noun"
  },
  {
    "id": 22337,
    "DevComment": "Noun"
  },
  {
    "id": 22339,
    "DevComment": "Noun"
  },
  {
    "id": 22464,
    "DevComment": "Noun"
  },
  {
    "id": 22465,
    "DevComment": "Noun"
  },
  {
    "id": 22466,
    "DevComment": "Noun"
  },
  {
    "id": 22467,
    "DevComment": "Noun"
  },
  {
    "id": 22468,
    "DevComment": "Noun"
  },
  {
    "id": 22470,
    "DevComment": "Noun"
  },
  {
    "id": 22471,
    "DevComment": "Noun"
  },
  {  
    "id": 27145,
    "DevComment": "2.4 Balance Change"
  },
  {  
    "id": 27146,
    "DevComment": "2.4 Balance Change"
  },
  {  
    "id": 27147,
    "DevComment": "2.4 Balance Change"
  },
  {  
    "id": 27148,
    "DevComment": "2.4 Balance Change"
  },
  {  
    "id": 27149,
    "DevComment": "2.4 Balance Change"
  },
  {  
    "id": 27150,
    "DevComment": "2.4 Balance Change"
  },
  {  
    "id": 27151,
    "DevComment": "2.4 Balance Change"
  },
  {  
    "id": 27152,
    "DevComment": "2.4 Balance Change"
  },
  {  
    "id": 27153,
    "DevComment": "2.4 Balance Change"
  },
  {  
    "id": 27154,
    "DevComment": "2.4 Balance Change"
  },
  {  
    "id": 27155,
    "DevComment": "2.4 Balance Change"
  },
  {  
    "id": 27156,
    "DevComment": "2.4 Balance Change"
  },
  {  
    "id": 27157,
    "DevComment": "2.4 Balance Change"
  },
  {  
    "id": 27158,
    "DevComment": "2.4 Balance Change"
  },
  {  
    "id": 27159,
    "DevComment": "2.4 Balance Change"
  },
  {  
    "id": 27160,
    "DevComment": "2.4 Balance Change"
  },
  {  
    "id": 27161,
    "DevComment": "2.4 Balance Change"
  },
  {  
    "id": 27162,
    "DevComment": "2.4 Balance Change"
  },
  {  
    "id": 27163,
    "DevComment": "2.4 Balance Change"
  },
  {  
    "id": 27164,
    "DevComment": "2.4 Balance Change"
  }
]
