[
  {
    "id": 10902,
    "Key": "r16",
    "enUS": "Io Rune r16",
    "zhTW": "符文：埃歐",
    "deDE": "[fs]Io-Rune",
    "esES": "Runa Io",
    "frFR": "[fs]Rune Io",
    "itIT": "[fs]Runa Io",
    "koKR": "이오 룬",
    "plPL": "Runa Io",
    "esMX": "Runa Io",
    "jaJP": "イオ・ルーン",
    "ptBR": "Runa Io",
    "ruRU": "Руна Ио",
    "zhCN": "艾欧符文"
  },
  {
    "id": 10903,
    "Key": "r16L",
    "enUS": "Io",
    "zhTW": "埃歐",
    "deDE": "Io",
    "esES": "Io",
    "frFR": "Io",
    "itIT": "Io",
    "koKR": "이오",
    "plPL": "Io",
    "esMX": "Io",
    "jaJP": "イオ",
    "ptBR": "Io",
    "ruRU": "Ио",
    "zhCN": "艾欧"
  },
  {
    "id": 10904,
    "Key": "r13",
    "enUS": "Shael Rune r13",
    "zhTW": "符文：夏",
    "deDE": "[fs]Shael-Rune",
    "esES": "Runa Shael",
    "frFR": "[fs]Rune Shael",
    "itIT": "[fs]Runa Shael",
    "koKR": "샤엘 룬",
    "plPL": "Runa Shael",
    "esMX": "Runa Shael",
    "jaJP": "シャエル・ルーン",
    "ptBR": "Runa Shael",
    "ruRU": "Руна Шаэль",
    "zhCN": "沙伊符文"
  },
  {
    "id": 10905,
    "Key": "r13L",
    "enUS": "Shael",
    "zhTW": "夏",
    "deDE": "Shael",
    "esES": "Shael",
    "frFR": "Shael",
    "itIT": "Shael",
    "koKR": "샤엘",
    "plPL": "Shael",
    "esMX": "Shael",
    "jaJP": "シャエル",
    "ptBR": "Shael",
    "ruRU": "Шаэль",
    "zhCN": "沙伊"
  },
  {
    "id": 10906,
    "Key": "r31",
    "enUS": "Jah Rune r31",
    "zhTW": "符文：喬",
    "deDE": "[fs]Jah-Rune",
    "esES": "Runa Jah",
    "frFR": "[fs]Rune Jah",
    "itIT": "[fs]Runa Jah",
    "koKR": "자 룬",
    "plPL": "Runa Jah",
    "esMX": "Runa Jah",
    "jaJP": "ジャー・ルーン",
    "ptBR": "Runa Jah",
    "ruRU": "Руна Джа",
    "zhCN": "扎哈符文"
  },
  {
    "id": 10907,
    "Key": "r31L",
    "enUS": "Jah",
    "zhTW": "喬",
    "deDE": "Jah",
    "esES": "Jah",
    "frFR": "Jah",
    "itIT": "Jah",
    "koKR": "자",
    "plPL": "Jah",
    "esMX": "Jah",
    "jaJP": "ジャー",
    "ptBR": "Jah",
    "ruRU": "Джа",
    "zhCN": "扎哈"
  },
  {
    "id": 10910,
    "Key": "Runeword22",
    "enUS": "ÿcNfor every base level invested into Savage Vipers. gain 4% increased damage to summon skills\nevery 100% increased bonus damage to summon skills grants you an extra savage viper\n\nDelirium",
    "zhTW": "精神錯亂",
    "deDE": "Delirium",
    "esES": "Delirio",
    "frFR": "Délire",
    "itIT": "Delirio",
    "koKR": "착란",
    "plPL": "Delirium",
    "esMX": "Delirio",
    "jaJP": "デリリアム",
    "ptBR": "Delírios",
    "ruRU": "Бред",
    "zhCN": "迷狂"
  },
  {
    "id": 20440,
    "Key": "r33",
    "enUS": "Zod Rune r33",
    "zhTW": "符文：薩德",
    "deDE": "[fs]Zod-Rune",
    "esES": "Runa Zod",
    "frFR": "[fs]Rune Zod",
    "itIT": "[fs]Runa Zod",
    "koKR": "조드 룬",
    "plPL": "Runa Zod",
    "esMX": "Runa Zod",
    "jaJP": "ゾッド・ルーン",
    "ptBR": "Runa Zod",
    "ruRU": "Руна Зод",
    "zhCN": "佐德符文"
  },
  {
    "id": 20441,
    "Key": "r32",
    "enUS": "Cham Rune r32",
    "zhTW": "符文：查姆",
    "deDE": "[fs]Cham-Rune",
    "esES": "Runa Cham",
    "frFR": "[fs]Rune Cham",
    "itIT": "[fs]Runa Cham",
    "koKR": "참 룬",
    "plPL": "Runa Cham",
    "esMX": "Runa Cham",
    "jaJP": "チャム・ルーン",
    "ptBR": "Runa Cham",
    "ruRU": "Руна Чам",
    "zhCN": "查姆符文"
  },
  {
    "id": 20443,
    "Key": "r30",
    "enUS": "Ber Rune r30",
    "zhTW": "符文：貝",
    "deDE": "[fs]Ber-Rune",
    "esES": "Runa Ber",
    "frFR": "[fs]Rune Ber",
    "itIT": "[fs]Runa Ber",
    "koKR": "베르 룬",
    "plPL": "Runa Ber",
    "esMX": "Runa Ber",
    "jaJP": "バー・ルーン",
    "ptBR": "Runa Ber",
    "ruRU": "Руна Бер",
    "zhCN": "贝符文"
  },
  {
    "id": 20444,
    "Key": "r29",
    "enUS": "Sur Rune r29",
    "zhTW": "符文：瑟",
    "deDE": "[fs]Sur-Rune",
    "esES": "Runa Sur",
    "frFR": "[fs]Rune Sur",
    "itIT": "[fs]Runa Sur",
    "koKR": "수르 룬",
    "plPL": "Runa Sur",
    "esMX": "Runa Sur",
    "jaJP": "サー・ルーン",
    "ptBR": "Runa Sur",
    "ruRU": "Руна Сур",
    "zhCN": "瑟符文"
  },
  {
    "id": 20445,
    "Key": "r28",
    "enUS": "Lo Rune r28",
    "zhTW": "符文：羅",
    "deDE": "[fs]Lo-Rune",
    "esES": "Runa Lo",
    "frFR": "[fs]Rune Lo",
    "itIT": "[fs]Runa Lo",
    "koKR": "로 룬",
    "plPL": "Runa Lo",
    "esMX": "Runa Lo",
    "jaJP": "ロー・ルーン",
    "ptBR": "Runa Lo",
    "ruRU": "Руна Ло",
    "zhCN": "罗符文"
  },
  {
    "id": 20446,
    "Key": "r27",
    "enUS": "Ohm Rune r27",
    "zhTW": "符文：歐姆",
    "deDE": "[fs]Ohm-Rune",
    "esES": "Runa Ohm",
    "frFR": "[fs]Rune Ohm",
    "itIT": "[fs]Runa Ohm",
    "koKR": "오움 룬",
    "plPL": "Runa Ohm",
    "esMX": "Runa Ohm",
    "jaJP": "オーム・ルーン",
    "ptBR": "Runa Ohm",
    "ruRU": "Руна Ом",
    "zhCN": "欧姆符文"
  },
  {
    "id": 20447,
    "Key": "r26",
    "enUS": "Vex Rune r26",
    "zhTW": "符文：伐克斯",
    "deDE": "[fs]Vex-Rune",
    "esES": "Runa Vex",
    "frFR": "[fs]Rune Vex",
    "itIT": "[fs]Runa Vex",
    "koKR": "벡스 룬",
    "plPL": "Runa Vex",
    "esMX": "Runa Vex",
    "jaJP": "ヴェックス・ルーン",
    "ptBR": "Runa Vex",
    "ruRU": "Руна Векс",
    "zhCN": "伐克斯符文"
  },
  {
    "id": 20448,
    "Key": "r25",
    "enUS": "Gul Rune r25",
    "zhTW": "符文：古爾",
    "deDE": "[fs]Gul-Rune",
    "esES": "Runa Gul",
    "frFR": "[fs]Rune Gul",
    "itIT": "[fs]Runa Gul",
    "koKR": "굴 룬",
    "plPL": "Runa Gul",
    "esMX": "Runa Gul",
    "jaJP": "ガル・ルーン",
    "ptBR": "Runa Gul",
    "ruRU": "Руна Гул",
    "zhCN": "古尔符文"
  },
  {
    "id": 20449,
    "Key": "r24",
    "enUS": "Ist Rune r24",
    "zhTW": "符文：伊司特",
    "deDE": "[fs]Ist-Rune",
    "esES": "Runa Ist",
    "frFR": "[fs]Rune Ist",
    "itIT": "[fs]Runa Ist",
    "koKR": "이스트 룬",
    "plPL": "Runa Ist",
    "esMX": "Runa Ist",
    "jaJP": "イスト・ルーン",
    "ptBR": "Runa Ist",
    "ruRU": "Руна Ист",
    "zhCN": "伊司特符文"
  },
  {
    "id": 20450,
    "Key": "r23",
    "enUS": "Mal Rune r23",
    "zhTW": "符文：馬爾",
    "deDE": "[fs]Mal-Rune",
    "esES": "Runa Mal",
    "frFR": "[fs]Rune Mal",
    "itIT": "[fs]Runa Mal",
    "koKR": "말 룬",
    "plPL": "Runa Mal",
    "esMX": "Runa Mal",
    "jaJP": "マル・ルーン",
    "ptBR": "Runa Mal",
    "ruRU": "Руна Мал",
    "zhCN": "玛尔符文"
  },
  {
    "id": 20451,
    "Key": "r22",
    "enUS": "Um Rune r22",
    "zhTW": "符文：烏姆",
    "deDE": "[fs]Um-Rune",
    "esES": "Runa Um",
    "frFR": "[fs]Rune Um",
    "itIT": "[fs]Runa Um",
    "koKR": "우움 룬",
    "plPL": "Runa Um",
    "esMX": "Runa Um",
    "jaJP": "アム・ルーン",
    "ptBR": "Runa Um",
    "ruRU": "Руна Ум",
    "zhCN": "乌姆符文"
  },
  {
    "id": 20452,
    "Key": "r21",
    "enUS": "Pul Rune r21",
    "zhTW": "符文：普爾",
    "deDE": "[fs]Pul-Rune",
    "esES": "Runa Pul",
    "frFR": "[fs]Rune Pul",
    "itIT": "[fs]Runa Pul",
    "koKR": "풀 룬",
    "plPL": "Runa Pul",
    "esMX": "Runa Pul",
    "jaJP": "プル・ルーン",
    "ptBR": "Runa Pul",
    "ruRU": "Руна Пул",
    "zhCN": "普尔符文"
  },
  {
    "id": 20453,
    "Key": "r20",
    "enUS": "Lem Rune r20",
    "zhTW": "符文：藍姆",
    "deDE": "[fs]Lem-Rune",
    "esES": "Runa Lem",
    "frFR": "[fs]Rune Lem",
    "itIT": "[fs]Runa Lem",
    "koKR": "렘 룬",
    "plPL": "Runa Lem",
    "esMX": "Runa Lem",
    "jaJP": "レム・ルーン",
    "ptBR": "Runa Lem",
    "ruRU": "Руна Лем",
    "zhCN": "兰姆符文"
  },
  {
    "id": 20454,
    "Key": "r19",
    "enUS": "Fal Rune r19",
    "zhTW": "符文：法爾",
    "deDE": "[fs]Fal-Rune",
    "esES": "Runa Fal",
    "frFR": "[fs]Rune Fal",
    "itIT": "[fs]Runa Fal",
    "koKR": "팔 룬",
    "plPL": "Runa Fal",
    "esMX": "Runa Fal",
    "jaJP": "ファル・ルーン",
    "ptBR": "Runa Fal",
    "ruRU": "Руна Фал",
    "zhCN": "法尔符文"
  },
  {
    "id": 20455,
    "Key": "r18",
    "enUS": "Ko Rune r18",
    "zhTW": "符文：科",
    "deDE": "[fs]Ko-Rune",
    "esES": "Runa Ko",
    "frFR": "[fs]Rune Ko",
    "itIT": "[fs]Runa Ko",
    "koKR": "코 룬",
    "plPL": "Runa Ko",
    "esMX": "Runa Ko",
    "jaJP": "コー・ルーン",
    "ptBR": "Runa Ko",
    "ruRU": "Руна Ко",
    "zhCN": "科符文"
  },
  {
    "id": 20456,
    "Key": "r17",
    "enUS": "Lum Rune r17",
    "zhTW": "符文：盧姆",
    "deDE": "[fs]Lum-Rune",
    "esES": "Runa Lum",
    "frFR": "[fs]Rune Lum",
    "itIT": "[fs]Runa Lum",
    "koKR": "룸 룬",
    "plPL": "Runa Lum",
    "esMX": "Runa Lum",
    "jaJP": "ラム・ルーン",
    "ptBR": "Runa Lum",
    "ruRU": "Руна Лум",
    "zhCN": "卢姆符文"
  },
  {
    "id": 20458,
    "Key": "r15",
    "enUS": "Hel Rune r15",
    "zhTW": "符文：海爾",
    "deDE": "[fs]Hel-Rune",
    "esES": "Runa Hel",
    "frFR": "[fs]Rune Hel",
    "itIT": "[fs]Runa Hel",
    "koKR": "헬 룬",
    "plPL": "Runa Hel",
    "esMX": "Runa Hel",
    "jaJP": "ヘル・ルーン",
    "ptBR": "Runa Hel",
    "ruRU": "Руна Хел",
    "zhCN": "海尔符文"
  },
  {
    "id": 20459,
    "Key": "r14",
    "enUS": "Dol Rune r14",
    "zhTW": "符文：多爾",
    "deDE": "[fs]Dol-Rune",
    "esES": "Runa Dol",
    "frFR": "[fs]Rune Dol",
    "itIT": "[fs]Runa Dol",
    "koKR": "돌 룬",
    "plPL": "Runa Dol",
    "esMX": "Runa Dol",
    "jaJP": "ドル・ルーン",
    "ptBR": "Runa Dol",
    "ruRU": "Руна Дол",
    "zhCN": "多尔符文"
  },
  {
    "id": 20461,
    "Key": "r12",
    "enUS": "Sol Rune r12",
    "zhTW": "符文：索爾",
    "deDE": "[fs]Sol-Rune",
    "esES": "Runa Sol",
    "frFR": "[fs]Rune Sol",
    "itIT": "[fs]Runa Sol",
    "koKR": "솔 룬",
    "plPL": "Runa Sol",
    "esMX": "Runa Sol",
    "jaJP": "ソル・ルーン",
    "ptBR": "Runa Sol",
    "ruRU": "Руна Сол",
    "zhCN": "索尔符文"
  },
  {
    "id": 20462,
    "Key": "r11",
    "enUS": "Amn Rune r11",
    "zhTW": "符文：安姆",
    "deDE": "[fs]Amn-Rune",
    "esES": "Runa Amn",
    "frFR": "[fs]Rune Amn",
    "itIT": "[fs]Runa Amn",
    "koKR": "앰 룬",
    "plPL": "Runa Amn",
    "esMX": "Runa Amn",
    "jaJP": "アムン・ルーン",
    "ptBR": "Runa Amn",
    "ruRU": "Руна Амн",
    "zhCN": "安姆符文"
  },
  {
    "id": 20463,
    "Key": "r10",
    "enUS": "Thul Rune r10",
    "zhTW": "符文：書爾",
    "deDE": "[fs]Thul-Rune",
    "esES": "Runa Thul",
    "frFR": "[fs]Rune Thul",
    "itIT": "[fs]Runa Thul",
    "koKR": "주울 룬",
    "plPL": "Runa Thul",
    "esMX": "Runa Thul",
    "jaJP": "スル・ルーン",
    "ptBR": "Runa Thul",
    "ruRU": "Руна Тул",
    "zhCN": "图尔符文"
  },
  {
    "id": 20464,
    "Key": "r09",
    "enUS": "Ort Rune r09",
    "zhTW": "符文：歐特",
    "deDE": "[fs]Ort-Rune",
    "esES": "Runa Ort",
    "frFR": "[fs]Rune Ort",
    "itIT": "[fs]Runa Ort",
    "koKR": "오르트 룬",
    "plPL": "Runa Ort",
    "esMX": "Runa Ort",
    "jaJP": "オルト・ルーン",
    "ptBR": "Runa Ort",
    "ruRU": "Руна Орт",
    "zhCN": "欧特符文"
  },
  {
    "id": 20465,
    "Key": "r08",
    "enUS": "Ral Rune r08",
    "zhTW": "符文：拉爾",
    "deDE": "[fs]Ral-Rune",
    "esES": "Runa Ral",
    "frFR": "[fs]Rune Ral",
    "itIT": "[fs]Runa Ral",
    "koKR": "랄 룬",
    "plPL": "Runa Ral",
    "esMX": "Runa Ral",
    "jaJP": "ラル・ルーン",
    "ptBR": "Runa Ral",
    "ruRU": "Руна Рал",
    "zhCN": "拉尔符文"
  },
  {
    "id": 20466,
    "Key": "r07",
    "enUS": "Tal Rune r07",
    "zhTW": "符文：塔爾",
    "deDE": "[fs]Tal-Rune",
    "esES": "Runa Tal",
    "frFR": "[fs]Rune Tal",
    "itIT": "[fs]Runa Tal",
    "koKR": "탈 룬",
    "plPL": "Runa Tal",
    "esMX": "Runa Tal",
    "jaJP": "タル・ルーン",
    "ptBR": "Runa Tal",
    "ruRU": "Руна Тал",
    "zhCN": "塔尔符文"
  },
  {
    "id": 20467,
    "Key": "r06",
    "enUS": "Ith Rune r06",
    "zhTW": "符文：伊司",
    "deDE": "[fs]Ith-Rune",
    "esES": "Runa Ith",
    "frFR": "[fs]Rune Ith",
    "itIT": "[fs]Runa Ith",
    "koKR": "아이드 룬",
    "plPL": "Runa Ith",
    "esMX": "Runa Ith",
    "jaJP": "イス・ルーン",
    "ptBR": "Runa Ith",
    "ruRU": "Руна Ит",
    "zhCN": "伊司符文"
  },
  {
    "id": 20468,
    "Key": "r05",
    "enUS": "Eth Rune r05",
    "zhTW": "符文：愛斯",
    "deDE": "[fs]Eth-Rune",
    "esES": "Runa Eth",
    "frFR": "[fs]Rune Eth",
    "itIT": "[fs]Runa Eth",
    "koKR": "에드 룬",
    "plPL": "Runa Eth",
    "esMX": "Runa Eth",
    "jaJP": "エス・ルーン",
    "ptBR": "Runa Eth",
    "ruRU": "Руна Эт",
    "zhCN": "艾斯符文"
  },
  {
    "id": 20469,
    "Key": "r04",
    "enUS": "Nef Rune r04",
    "zhTW": "符文：那夫",
    "deDE": "[fs]Nef-Rune",
    "esES": "Runa Nef",
    "frFR": "[fs]Rune Nef",
    "itIT": "[fs]Runa Nef",
    "koKR": "네프 룬",
    "plPL": "Runa Nef",
    "esMX": "Runa Nef",
    "jaJP": "ネフ・ルーン",
    "ptBR": "Runa Nef",
    "ruRU": "Руна Неф",
    "zhCN": "奈夫符文"
  },
  {
    "id": 20470,
    "Key": "r03",
    "enUS": "Tir Rune r03",
    "zhTW": "符文：特爾",
    "deDE": "[fs]Tir-Rune",
    "esES": "Runa Tir",
    "frFR": "[fs]Rune Tir",
    "itIT": "[fs]Runa Tir",
    "koKR": "티르 룬",
    "plPL": "Runa Tir",
    "esMX": "Runa Tir",
    "jaJP": "ティア・ルーン",
    "ptBR": "Runa Tir",
    "ruRU": "Руна Тир",
    "zhCN": "提尔符文"
  },
  {
    "id": 20471,
    "Key": "r02",
    "enUS": "Eld Rune r02",
    "zhTW": "符文：艾德",
    "deDE": "[fs]Eld-Rune",
    "esES": "Runa Eld",
    "frFR": "[fs]Rune Eld",
    "itIT": "[fs]Runa Eld",
    "koKR": "엘드 룬",
    "plPL": "Runa Eld",
    "esMX": "Runa Eld",
    "jaJP": "エルド・ルーン",
    "ptBR": "Runa Eld",
    "ruRU": "Руна Элд",
    "zhCN": "艾德符文"
  },
  {
    "id": 20472,
    "Key": "r01",
    "enUS": "El Rune r01",
    "zhTW": "符文：艾爾",
    "deDE": "[fs]El-Rune",
    "esES": "Runa El",
    "frFR": "[fs]Rune El",
    "itIT": "[fs]Runa El",
    "koKR": "엘 룬",
    "plPL": "Runa El",
    "esMX": "Runa El",
    "jaJP": "エル・ルーン",
    "ptBR": "Runa El",
    "ruRU": "Руна Эль",
    "zhCN": "艾尔符文"
  },
  {
    "id": 20473,
    "Key": "r33L",
    "enUS": "Zod",
    "zhTW": "薩德",
    "deDE": "Zod",
    "esES": "Zod",
    "frFR": "Zod",
    "itIT": "Zod",
    "koKR": "조드",
    "plPL": "Zod",
    "esMX": "Zod",
    "jaJP": "ゾッド",
    "ptBR": "Zod",
    "ruRU": "Зод",
    "zhCN": "佐德"
  },
  {
    "id": 20474,
    "Key": "r32L",
    "enUS": "Cham",
    "zhTW": "查姆",
    "deDE": "Cham",
    "esES": "Cham",
    "frFR": "Cham",
    "itIT": "Cham",
    "koKR": "참",
    "plPL": "Cham",
    "esMX": "Cham",
    "jaJP": "チャム",
    "ptBR": "Cham",
    "ruRU": "Чам",
    "zhCN": "查姆"
  },
  {
    "id": 20476,
    "Key": "r30L",
    "enUS": "Ber",
    "zhTW": "貝",
    "deDE": "Ber",
    "esES": "Ber",
    "frFR": "Ber",
    "itIT": "Ber",
    "koKR": "베르",
    "plPL": "Ber",
    "esMX": "Ber",
    "jaJP": "バー",
    "ptBR": "Ber",
    "ruRU": "Бер",
    "zhCN": "贝"
  },
  {
    "id": 20477,
    "Key": "r29L",
    "enUS": "Sur",
    "zhTW": "瑟",
    "deDE": "Sur",
    "esES": "Sur",
    "frFR": "Sur",
    "itIT": "Sur",
    "koKR": "수르",
    "plPL": "Sur",
    "esMX": "Sur",
    "jaJP": "サー",
    "ptBR": "Sur",
    "ruRU": "Сур",
    "zhCN": "瑟"
  },
  {
    "id": 20478,
    "Key": "r28L",
    "enUS": "Lo",
    "zhTW": "羅",
    "deDE": "Lo",
    "esES": "Lo",
    "frFR": "Lo",
    "itIT": "Lo",
    "koKR": "로",
    "plPL": "Lo",
    "esMX": "Lo",
    "jaJP": "ロー",
    "ptBR": "Lo",
    "ruRU": "Ло",
    "zhCN": "罗"
  },
  {
    "id": 20479,
    "Key": "r27L",
    "enUS": "Ohm",
    "zhTW": "歐姆",
    "deDE": "Ohm",
    "esES": "Ohm",
    "frFR": "Ohm",
    "itIT": "Ohm",
    "koKR": "오움",
    "plPL": "Ohm",
    "esMX": "Ohm",
    "jaJP": "オーム",
    "ptBR": "Ohm",
    "ruRU": "Ом",
    "zhCN": "欧姆"
  },
  {
    "id": 20480,
    "Key": "r26L",
    "enUS": "Vex",
    "zhTW": "伐克斯",
    "deDE": "Vex",
    "esES": "Vex",
    "frFR": "Vex",
    "itIT": "Vex",
    "koKR": "벡스",
    "plPL": "Vex",
    "esMX": "Vex",
    "jaJP": "ヴェックス",
    "ptBR": "Vex",
    "ruRU": "Векс",
    "zhCN": "伐克斯"
  },
  {
    "id": 20481,
    "Key": "r25L",
    "enUS": "Gul",
    "zhTW": "古爾",
    "deDE": "Gul",
    "esES": "Gul",
    "frFR": "Gul",
    "itIT": "Gul",
    "koKR": "굴",
    "plPL": "Gul",
    "esMX": "Gul",
    "jaJP": "ガル",
    "ptBR": "Gul",
    "ruRU": "Гул",
    "zhCN": "古尔"
  },
  {
    "id": 20482,
    "Key": "r24L",
    "enUS": "Ist",
    "zhTW": "伊司特",
    "deDE": "Ist",
    "esES": "Ist",
    "frFR": "Ist",
    "itIT": "Ist",
    "koKR": "이스트",
    "plPL": "Ist",
    "esMX": "Ist",
    "jaJP": "イスト",
    "ptBR": "Ist",
    "ruRU": "Ист",
    "zhCN": "伊司特"
  },
  {
    "id": 20483,
    "Key": "r23L",
    "enUS": "Mal",
    "zhTW": "馬爾",
    "deDE": "Mal",
    "esES": "Mal",
    "frFR": "Mal",
    "itIT": "Mal",
    "koKR": "말",
    "plPL": "Mal",
    "esMX": "Mal",
    "jaJP": "マル",
    "ptBR": "Mal",
    "ruRU": "Мал",
    "zhCN": "玛尔"
  },
  {
    "id": 20484,
    "Key": "r22L",
    "enUS": "Um",
    "zhTW": "烏姆",
    "deDE": "Um",
    "esES": "Um",
    "frFR": "Um",
    "itIT": "Um",
    "koKR": "우움",
    "plPL": "Um",
    "esMX": "Um",
    "jaJP": "アム",
    "ptBR": "Um",
    "ruRU": "Ум",
    "zhCN": "乌姆"
  },
  {
    "id": 20485,
    "Key": "r21L",
    "enUS": "Pul",
    "zhTW": "普爾",
    "deDE": "Pul",
    "esES": "Pul",
    "frFR": "Pul",
    "itIT": "Pul",
    "koKR": "풀",
    "plPL": "Pul",
    "esMX": "Pul",
    "jaJP": "プル",
    "ptBR": "Pul",
    "ruRU": "Пул",
    "zhCN": "普尔"
  },
  {
    "id": 20486,
    "Key": "r20L",
    "enUS": "Lem",
    "zhTW": "藍姆",
    "deDE": "Lem",
    "esES": "Lem",
    "frFR": "Lem",
    "itIT": "Lem",
    "koKR": "렘",
    "plPL": "Lem",
    "esMX": "Lem",
    "jaJP": "レム",
    "ptBR": "Lem",
    "ruRU": "Лем",
    "zhCN": "兰姆"
  },
  {
    "id": 20487,
    "Key": "r19L",
    "enUS": "Fal",
    "zhTW": "法爾",
    "deDE": "Fal",
    "esES": "Fal",
    "frFR": "Fal",
    "itIT": "Fal",
    "koKR": "팔",
    "plPL": "Fal",
    "esMX": "Fal",
    "jaJP": "ファル",
    "ptBR": "Fal",
    "ruRU": "Фал",
    "zhCN": "法尔"
  },
  {
    "id": 20488,
    "Key": "r18L",
    "enUS": "Ko",
    "zhTW": "科",
    "deDE": "Ko",
    "esES": "Ko",
    "frFR": "Ko",
    "itIT": "Ko",
    "koKR": "코",
    "plPL": "Ko",
    "esMX": "Ko",
    "jaJP": "コー",
    "ptBR": "Ko",
    "ruRU": "Ко",
    "zhCN": "科"
  },
  {
    "id": 20489,
    "Key": "r17L",
    "enUS": "Lum",
    "zhTW": "盧姆",
    "deDE": "Lum",
    "esES": "Lum",
    "frFR": "Lum",
    "itIT": "Lum",
    "koKR": "룸",
    "plPL": "Lum",
    "esMX": "Lum",
    "jaJP": "ラム",
    "ptBR": "Lum",
    "ruRU": "Лум",
    "zhCN": "卢姆"
  },
  {
    "id": 20491,
    "Key": "r15L",
    "enUS": "Hel",
    "zhTW": "海爾",
    "deDE": "Hel",
    "esES": "Hel",
    "frFR": "Hel",
    "itIT": "Hel",
    "koKR": "헬",
    "plPL": "Hel",
    "esMX": "Hel",
    "jaJP": "ヘル",
    "ptBR": "Hel",
    "ruRU": "Хел",
    "zhCN": "海尔"
  },
  {
    "id": 20492,
    "Key": "r14L",
    "enUS": "Dol",
    "zhTW": "多爾",
    "deDE": "Dol",
    "esES": "Dol",
    "frFR": "Dol",
    "itIT": "Dol",
    "koKR": "돌",
    "plPL": "Dol",
    "esMX": "Dol",
    "jaJP": "ドル",
    "ptBR": "Dol",
    "ruRU": "Дол",
    "zhCN": "多尔"
  },
  {
    "id": 20494,
    "Key": "r12L",
    "enUS": "Sol",
    "zhTW": "索爾",
    "deDE": "Sol",
    "esES": "Sol",
    "frFR": "Sol",
    "itIT": "Sol",
    "koKR": "솔",
    "plPL": "Sol",
    "esMX": "Sol",
    "jaJP": "ソル",
    "ptBR": "Sol",
    "ruRU": "Сол",
    "zhCN": "索尔"
  },
  {
    "id": 20495,
    "Key": "r11L",
    "enUS": "Amn",
    "zhTW": "安姆",
    "deDE": "Amn",
    "esES": "Amn",
    "frFR": "Amn",
    "itIT": "Amn",
    "koKR": "앰",
    "plPL": "Amn",
    "esMX": "Amn",
    "jaJP": "アムン",
    "ptBR": "Amn",
    "ruRU": "Амн",
    "zhCN": "安姆"
  },
  {
    "id": 20496,
    "Key": "r10L",
    "enUS": "Thul",
    "zhTW": "書爾",
    "deDE": "Thul",
    "esES": "Thul",
    "frFR": "Thul",
    "itIT": "Thul",
    "koKR": "주울",
    "plPL": "Thul",
    "esMX": "Thul",
    "jaJP": "スル",
    "ptBR": "Thul",
    "ruRU": "Тул",
    "zhCN": "图尔"
  },
  {
    "id": 20497,
    "Key": "r09L",
    "enUS": "Ort",
    "zhTW": "歐特",
    "deDE": "Ort",
    "esES": "Ort",
    "frFR": "Ort",
    "itIT": "Ort",
    "koKR": "오르트",
    "plPL": "Ort",
    "esMX": "Ort",
    "jaJP": "オルト",
    "ptBR": "Ort",
    "ruRU": "Орт",
    "zhCN": "欧特"
  },
  {
    "id": 20498,
    "Key": "r08L",
    "enUS": "Ral",
    "zhTW": "拉爾",
    "deDE": "Ral",
    "esES": "Ral",
    "frFR": "Ral",
    "itIT": "Ral",
    "koKR": "랄",
    "plPL": "Ral",
    "esMX": "Ral",
    "jaJP": "ラル",
    "ptBR": "Ral",
    "ruRU": "Рал",
    "zhCN": "拉尔"
  },
  {
    "id": 20499,
    "Key": "r07L",
    "enUS": "Tal",
    "zhTW": "塔爾",
    "deDE": "Tal",
    "esES": "Tal",
    "frFR": "Tal",
    "itIT": "Tal",
    "koKR": "탈",
    "plPL": "Tal",
    "esMX": "Tal",
    "jaJP": "タル",
    "ptBR": "Tal",
    "ruRU": "Тал",
    "zhCN": "塔尔"
  },
  {
    "id": 20500,
    "Key": "r06L",
    "enUS": "Ith",
    "zhTW": "伊司",
    "deDE": "Ith",
    "esES": "Ith",
    "frFR": "Ith",
    "itIT": "Ith",
    "koKR": "아이드",
    "plPL": "Ith",
    "esMX": "Ith",
    "jaJP": "イス",
    "ptBR": "Ith",
    "ruRU": "Ит",
    "zhCN": "伊司"
  },
  {
    "id": 20501,
    "Key": "r05L",
    "enUS": "Eth",
    "zhTW": "愛斯",
    "deDE": "Eth",
    "esES": "Eth",
    "frFR": "Eth",
    "itIT": "Eth",
    "koKR": "에드",
    "plPL": "Eth",
    "esMX": "Eth",
    "jaJP": "エス",
    "ptBR": "Eth",
    "ruRU": "Эт",
    "zhCN": "艾斯"
  },
  {
    "id": 20502,
    "Key": "r04L",
    "enUS": "Nef",
    "zhTW": "那夫",
    "deDE": "Nef",
    "esES": "Nef",
    "frFR": "Nef",
    "itIT": "Nef",
    "koKR": "네프",
    "plPL": "Nef",
    "esMX": "Nef",
    "jaJP": "ネフ",
    "ptBR": "Nef",
    "ruRU": "Неф",
    "zhCN": "奈夫"
  },
  {
    "id": 20503,
    "Key": "r03L",
    "enUS": "Tir",
    "zhTW": "特爾",
    "deDE": "Tir",
    "esES": "Tir",
    "frFR": "Tir",
    "itIT": "Tir",
    "koKR": "티르",
    "plPL": "Tir",
    "esMX": "Tir",
    "jaJP": "ティア",
    "ptBR": "Tir",
    "ruRU": "Тир",
    "zhCN": "提尔"
  },
  {
    "id": 20504,
    "Key": "r02L",
    "enUS": "Eld",
    "zhTW": "艾德",
    "deDE": "Eld",
    "esES": "Eld",
    "frFR": "Eld",
    "itIT": "Eld",
    "koKR": "엘드",
    "plPL": "Eld",
    "esMX": "Eld",
    "jaJP": "エルド",
    "ptBR": "Eld",
    "ruRU": "Элд",
    "zhCN": "艾德"
  },
  {
    "id": 20505,
    "Key": "r01L",
    "enUS": "El",
    "zhTW": "艾爾",
    "deDE": "El",
    "esES": "El",
    "frFR": "El",
    "itIT": "El",
    "koKR": "엘",
    "plPL": "El",
    "esMX": "El",
    "jaJP": "エル",
    "ptBR": "El",
    "ruRU": "Эль",
    "zhCN": "艾尔"
  },
  {
    "id": 20506,
    "Key": "RuneQuote",
    "enUS": "'",
    "zhTW": "'",
    "deDE": "'",
    "esES": "'",
    "frFR": "",
    "itIT": "'",
    "koKR": "'",
    "plPL": "'",
    "esMX": "'",
    "jaJP": "'",
    "ptBR": "\"",
    "ruRU": "'",
    "zhCN": "'"
  },
  {
    "id": 20507,
    "Key": "Runeword1",
    "enUS": "ÿcNAncients' Pledge",
    "zhTW": "先祖之契",
    "deDE": "Schwur der Urahnen",
    "esES": "Promesa de los Antiguos",
    "frFR": "Anathème des Anciens",
    "itIT": "Pegno degli Antichi",
    "koKR": "고대인의 서약",
    "plPL": "Przysięga Starożytnych",
    "esMX": "Juramento de los ancestros",
    "jaJP": "古の民の誓約",
    "ptBR": "Promessa dos Ancestrais",
    "ruRU": "Клятва Древних",
    "zhCN": "先祖之誓"
  },
  {
    "id": 20508,
    "Key": "Runeword2",
    "enUS": "Armageddon",
    "zhTW": "毀天滅地",
    "deDE": "Armageddon",
    "esES": "Armagedón",
    "frFR": "Armageddon",
    "itIT": "Armageddon",
    "koKR": "대전쟁",
    "plPL": "Armagedon",
    "esMX": "Armagedón",
    "jaJP": "天変地異",
    "ptBR": "Armagedom",
    "ruRU": "Армагеддон",
    "zhCN": "末日"
  },
  {
    "id": 20509,
    "Key": "Runeword3",
    "enUS": "Authority",
    "zhTW": "權威",
    "deDE": "Macht",
    "esES": "Autoridad",
    "frFR": "Autorité",
    "itIT": "Autorità",
    "koKR": "권위",
    "plPL": "Władza",
    "esMX": "Autoridad",
    "jaJP": "権威",
    "ptBR": "Autoridade",
    "ruRU": "Власть",
    "zhCN": "权威"
  },
  {
    "id": 20510,
    "Key": "Runeword4",
    "enUS": "ÿc1Beast",
    "zhTW": "野獸",
    "deDE": "Bestie",
    "esES": "Bestia",
    "frFR": "Bête",
    "itIT": "Bestia",
    "koKR": "야수",
    "plPL": "Bestia",
    "esMX": "Bestia",
    "jaJP": "獣",
    "ptBR": "Fera",
    "ruRU": "Зверь",
    "zhCN": "野兽"
  },
  {
    "id": 20511,
    "Key": "Runeword5",
    "enUS": "Beauty",
    "zhTW": "美貌",
    "deDE": "Schönheit",
    "esES": "Belleza",
    "frFR": "Beauté",
    "itIT": "Bellezza",
    "koKR": "아름다움",
    "plPL": "Piękno",
    "esMX": "Belleza",
    "jaJP": "美",
    "ptBR": "Beleza",
    "ruRU": "Красота",
    "zhCN": "美丽"
  },
  {
    "id": 20512,
    "Key": "Runeword6",
    "enUS": "ÿcNand 2 dexterity\n3% increased damage to nova skills\nfor every skill point invested into Shadow Nova, gain 1% increased chance to evade\n\nBlack",
    "zhTW": "黑錘",
    "deDE": "Schwärze",
    "esES": "Negrura",
    "frFR": "Noir",
    "itIT": "Nero",
    "koKR": "어둠",
    "plPL": "Czerń",
    "esMX": "Opaco",
    "jaJP": "黒",
    "ptBR": "Ébano",
    "ruRU": "Мрак",
    "zhCN": "黑色"
  },
  {
    "id": 20513,
    "Key": "Runeword7",
    "enUS": "Blood",
    "zhTW": "鮮血",
    "deDE": "Blut",
    "esES": "Sangre",
    "frFR": "Sang",
    "itIT": "Sangue",
    "koKR": "피",
    "plPL": "Krew",
    "esMX": "Sangre",
    "jaJP": "血",
    "ptBR": "Sangue",
    "ruRU": "Кровь",
    "zhCN": "鲜血"
  },
  {
    "id": 20514,
    "Key": "Runeword8",
    "enUS": "ÿcNand 2 dexterity\nFor every level invested into bone spikes, gain 3% increased damage to chained skills\nBone Spikes gains one extra target for every 7 levels invested into Knife Mastery\n\nBone",
    "zhTW": "骸骨",
    "deDE": "Knochen",
    "esES": "Hueso",
    "frFR": "Os",
    "itIT": "Ossa",
    "koKR": "뼈",
    "plPL": "Kość",
    "esMX": "Hueso",
    "jaJP": "骨",
    "ptBR": "Osso",
    "ruRU": "Кость",
    "zhCN": "白骨"
  },
  {
    "id": 20515,
    "Key": "Runeword9",
    "enUS": "ÿcN6% damage to melee explosion skills\n\n3 dexterity\n\neach point invested into the strength of nature skill grants you:\n\nBramble",
    "zhTW": "刺藤",
    "deDE": "Dornen",
    "esES": "Zarza",
    "frFR": "Barbelé",
    "itIT": "Roveto",
    "koKR": "찔레",
    "plPL": "Kolec",
    "esMX": "Zarza",
    "jaJP": "茨",
    "ptBR": "Espinho",
    "ruRU": "Терновник",
    "zhCN": "荆棘"
  },
  {
    "id": 20516,
    "Key": "Runeword10",
    "enUS": "ÿcN 1% increased fire resist\n\n1% increased damage to chained skills\n\n1% incrased damage to bombardment skills\n\n1% more global fire damage\n\nfor each 4% increase to faster cast rate and increased attack speed gain:\n\nBrand",
    "zhTW": "烙印",
    "deDE": "Brand",
    "esES": "Tizón",
    "frFR": "Balafre",
    "itIT": "Marchio",
    "koKR": "낙인",
    "plPL": "Piętno",
    "esMX": "Marca",
    "jaJP": "烙印",
    "ptBR": "Marca",
    "ruRU": "Тавро",
    "zhCN": "烙印"
  },
  {
    "id": 20517,
    "Key": "Runeword11",
    "enUS": "ÿcNBreath of the Dying",
    "zhTW": "死亡呼吸",
    "deDE": "Odem der Sterbenden",
    "esES": "Aliento de los muertos",
    "frFR": "Souffle des mourants",
    "itIT": "Ultimo Respiro",
    "koKR": "죽어가는 자의 숨결",
    "plPL": "Ostatni Oddech",
    "esMX": "Aliento de los moribundos",
    "jaJP": "死の吐息",
    "ptBR": "Sopro da Morbidez",
    "ruRU": "Вздох умирающего",
    "zhCN": "濒死之息"
  },
  {
    "id": 20518,
    "Key": "Runeword12",
    "enUS": "ÿcNBroken Promise",
    "zhTW": "破碎誓言",
    "deDE": "Gebrochenes Versprechen",
    "esES": "Promesa rota",
    "frFR": "Promesse rompue",
    "itIT": "Promessa Spezzata",
    "koKR": "깨어진 약속",
    "plPL": "Złamana Obietnica",
    "esMX": "Promesa rota",
    "jaJP": "背約",
    "ptBR": "Promessa Quebrada",
    "ruRU": "Нарушенный обет",
    "zhCN": "破碎誓言"
  },
  {
    "id": 20519,
    "Key": "Runeword13",
    "enUS": "ÿc1Call to Arms",
    "zhTW": "戰爭召喚",
    "deDE": "Ruf zu den Waffen",
    "esES": "Llamada a las armas",
    "frFR": "Cri de ralliement",
    "itIT": "Chiamata alle Armi",
    "koKR": "소집",
    "plPL": "Wezwanie do Broni",
    "esMX": "Llamado a las armas",
    "jaJP": "召集",
    "ptBR": "Chamado às Armas",
    "ruRU": "Призыв к оружию",
    "zhCN": "战争召唤"
  },
  {
    "id": 20520,
    "Key": "Runeword14",
    "enUS": "ÿcNChains of Honor",
    "zhTW": "榮耀之鍊",
    "deDE": "Ketten der Ehre",
    "esES": "Cadenas de honor",
    "frFR": "Chaînes de l’honneur",
    "itIT": "Catene dell'Onore",
    "koKR": "명예의 굴레",
    "plPL": "Okowy Honoru",
    "esMX": "Cadenas de honor",
    "jaJP": "名誉の連鎖",
    "ptBR": "Correntes da Honra",
    "ruRU": "Цепи чести",
    "zhCN": "荣耀之链"
  },
  {
    "id": 20521,
    "Key": "Runeword15",
    "enUS": "ÿcNChance",
    "zhTW": "機會",
    "deDE": "Zufall",
    "esES": "Casualidad",
    "frFR": "Chance",
    "itIT": "Probabilità",
    "koKR": "기회",
    "plPL": "Szansa",
    "esMX": "Azar",
    "jaJP": "好機",
    "ptBR": "Chance",
    "ruRU": "Шанс",
    "zhCN": "机遇"
  },
  {
    "id": 20522,
    "Key": "Runeword16",
    "enUS": "ÿcNJudgement cross\nMeteor Arrow\nfalling cinder\nAcid Skull\nZantetsuken\n\nand your damage to bombardment skills by 6%\neach base level investing to the following skills increases your mana regeration by 6%\n\nChaos",
    "zhTW": "混沌",
    "deDE": "Chaos",
    "esES": "Caos",
    "frFR": "Chaos",
    "itIT": "Caos",
    "koKR": "혼돈",
    "plPL": "Chaos",
    "esMX": "Caos",
    "jaJP": "混沌",
    "ptBR": "Caos",
    "ruRU": "Хаос",
    "zhCN": "混沌"
  },
  {
    "id": 20523,
    "Key": "Runeword17",
    "enUS": "ÿcNCrescent Moon",
    "zhTW": "新月",
    "deDE": "Mondsichel",
    "esES": "Luna creciente",
    "frFR": "Croissant de lune",
    "itIT": "Falce di Luna",
    "koKR": "초승달",
    "plPL": "Sierp Księżyca",
    "esMX": "Luna creciente",
    "jaJP": "三日月",
    "ptBR": "Lua Crescente",
    "ruRU": "Полумесяц",
    "zhCN": "新月"
  },
  {
    "id": 20524,
    "Key": "Runeword18",
    "enUS": "ÿcNDarkness",
    "zhTW": "黑暗",
    "deDE": "Dunkelheit",
    "esES": "Oscuridad",
    "frFR": "Ténèbres",
    "itIT": "Oscurità",
    "koKR": "암흑",
    "plPL": "Ciemność",
    "esMX": "Oscuridad",
    "jaJP": "暗闇",
    "ptBR": "Escuridão",
    "ruRU": "Тьма",
    "zhCN": "黑暗"
  },
  {
    "id": 20525,
    "Key": "Runeword19",
    "enUS": "ÿcNDaylight",
    "zhTW": "白晝",
    "deDE": "Tageslicht",
    "esES": "Luz",
    "frFR": "Divine lumière",
    "itIT": "Luce del Giorno",
    "koKR": "햇빛",
    "plPL": "Światło Dnia",
    "esMX": "Luz del día",
    "jaJP": "夜明け",
    "ptBR": "Luz do Dia",
    "ruRU": "Ясный день",
    "zhCN": "白昼"
  },
  {
    "id": 20526,
    "Key": "Runeword20",
    "enUS": "ÿc1Death",
    "zhTW": "死神",
    "deDE": "Tod",
    "esES": "Muerte",
    "frFR": "Décès",
    "itIT": "Morte",
    "koKR": "죽음",
    "plPL": "Śmierć",
    "esMX": "Muerte",
    "jaJP": "死",
    "ptBR": "Morte",
    "ruRU": "Смерть",
    "zhCN": "死亡"
  },
  {
    "id": 20527,
    "Key": "Runeword21",
    "enUS": "ÿcNDeception",
    "zhTW": "欺暪",
    "deDE": "Täuschung",
    "esES": "Engaño",
    "frFR": "Duperie",
    "itIT": "Inganno",
    "koKR": "기만",
    "plPL": "Podstęp",
    "esMX": "Decepción",
    "jaJP": "欺瞞",
    "ptBR": "Engano",
    "ruRU": "Обман",
    "zhCN": "欺骗"
  },
  {
    "id": 20529,
    "Key": "Runeword23",
    "enUS": "ÿcNDesire",
    "zhTW": "渴望",
    "deDE": "Begierde",
    "esES": "Deseo",
    "frFR": "Désir",
    "itIT": "Desiderio",
    "koKR": "욕망",
    "plPL": "Pożądanie",
    "esMX": "Deseo",
    "jaJP": "欲望",
    "ptBR": "Desejo",
    "ruRU": "Желание",
    "zhCN": "欲望"
  },
  {
    "id": 20530,
    "Key": "Runeword24",
    "enUS": "ÿcNDespair",
    "zhTW": "絕望",
    "deDE": "Verzweiflung",
    "esES": "Desesperación",
    "frFR": "Désespoir",
    "itIT": "Disperazione",
    "koKR": "절망",
    "plPL": "Rozpacz",
    "esMX": "Desesperación",
    "jaJP": "絶望",
    "ptBR": "Desespero",
    "ruRU": "Отчаяние",
    "zhCN": "绝望"
  },
  {
    "id": 20531,
    "Key": "Runeword25",
    "enUS": "ÿcNDestruction",
    "zhTW": "毀滅",
    "deDE": "Zerstörung",
    "esES": "Destrucción",
    "frFR": "Destruction",
    "itIT": "Distruzione",
    "koKR": "파괴",
    "plPL": "Zniszczenie",
    "esMX": "Destrucción",
    "jaJP": "破壊",
    "ptBR": "Destruição",
    "ruRU": "Разрушение",
    "zhCN": "毁灭"
  },
  {
    "id": 20532,
    "Key": "Runeword26",
    "enUS": "ÿc1Doom",
    "zhTW": "末日",
    "deDE": "Verdammnis",
    "esES": "Fatalidad",
    "frFR": "Dévastation",
    "itIT": "Rovina",
    "koKR": "파멸",
    "plPL": "Zagłada",
    "esMX": "Calamidad",
    "jaJP": "破滅",
    "ptBR": "Perdição",
    "ruRU": "Гибель",
    "zhCN": "厄运"
  },
  {
    "id": 20533,
    "Key": "Runeword27",
    "enUS": "ÿcNdamage to multishot skills\n\nGuardian Of Wind: 5% damage per base level invested\n\ndamage to wind skills\n\nenergy : 1% damage per energy\n\nDragon's Breath gains damage synergies from:\n\nDragon",
    "zhTW": "飛龍",
    "deDE": "Drachen",
    "esES": "Dragón",
    "frFR": "Dragon",
    "itIT": "Drago",
    "koKR": "용",
    "plPL": "Smok",
    "esMX": "Dragón",
    "jaJP": "ドラゴン",
    "ptBR": "Dragão",
    "ruRU": "Дракон",
    "zhCN": "巨龙"
  },
  {
    "id": 20534,
    "Key": "Runeword28",
    "enUS": "ÿcNDread",
    "zhTW": "恐懼",
    "deDE": "Schrecken",
    "esES": "Pavor",
    "frFR": "Défiance",
    "itIT": "Terrore",
    "koKR": "두려움",
    "plPL": "Strach",
    "esMX": "Temor",
    "jaJP": "戦慄",
    "ptBR": "Pavor",
    "ruRU": "Ужас",
    "zhCN": "惊惧"
  },
  {
    "id": 20535,
    "Key": "Runeword29",
    "enUS": "ÿcNDream",
    "zhTW": "夢境",
    "deDE": "Traum",
    "esES": "Sueño",
    "frFR": "Rêve",
    "itIT": "Sogno",
    "koKR": "꿈",
    "plPL": "Sen",
    "esMX": "Sueño",
    "jaJP": "夢",
    "ptBR": "Sonho",
    "ruRU": "Видение",
    "zhCN": "梦境"
  },
  {
    "id": 20536,
    "Key": "Runeword30",
    "enUS": "ÿcNDuress",
    "zhTW": "強制",
    "deDE": "Nötigung",
    "esES": "Coacción",
    "frFR": "Domination",
    "itIT": "Coercizione",
    "koKR": "협박",
    "plPL": "Przymus",
    "esMX": "Coerción",
    "jaJP": "威圧",
    "ptBR": "Coerção",
    "ruRU": "Принуждение",
    "zhCN": "强压"
  },
  {
    "id": 20537,
    "Key": "Runeword31",
    "enUS": "ÿcNEdge",
    "zhTW": "邊緣",
    "deDE": "Schneide",
    "esES": "Filo",
    "frFR": "Arête",
    "itIT": "Lama",
    "koKR": "모서리",
    "plPL": "Ostrze",
    "esMX": "Filo",
    "jaJP": "刃",
    "ptBR": "Gume",
    "ruRU": "Острие",
    "zhCN": "锐锋"
  },
  {
    "id": 20538,
    "Key": "Runeword32",
    "enUS": "Elation",
    "zhTW": "興高彩烈",
    "deDE": "Erregung",
    "esES": "Júbilo",
    "frFR": "Effusion",
    "itIT": "Esultanza",
    "koKR": "득의",
    "plPL": "Radość",
    "esMX": "Euforia",
    "jaJP": "高揚",
    "ptBR": "Euforia",
    "ruRU": "Воодушевление",
    "zhCN": "欢欣"
  },
  {
    "id": 20539,
    "Key": "Runeword33",
    "enUS": "ÿcNEnigma",
    "zhTW": "謎團",
    "deDE": "Rätsel",
    "esES": "Enigma",
    "frFR": "Énigme",
    "itIT": "Enigma",
    "koKR": "수수께끼",
    "plPL": "Enigma",
    "esMX": "Enigma",
    "jaJP": "不知",
    "ptBR": "Enigma",
    "ruRU": "Тайна",
    "zhCN": "谜团"
  },
  {
    "id": 20540,
    "Key": "Runeword34",
    "enUS": "ÿcNVicious Shotgun Bolts Inherits all its base damage and modifiers from the level of the shotgun bolts skill \n\ninvested into the Shotgun Bolts skill\ngain 1% physical and magical damage reduction multiplier for every base level\nEnlightenment",
    "zhTW": "教化",
    "deDE": "Erleuchtung",
    "esES": "Ilustración",
    "frFR": "Éclaircissement",
    "itIT": "Illuminazione",
    "koKR": "깨우침",
    "plPL": "Oświecenie",
    "esMX": "Iluminación",
    "jaJP": "悟り",
    "ptBR": "Iluminação",
    "ruRU": "Просветление",
    "zhCN": "启迪"
  },
  {
    "id": 20541,
    "Key": "Runeword35",
    "enUS": "Envy",
    "zhTW": "羨慕",
    "deDE": "Neid",
    "esES": "Envidia",
    "frFR": "Envie",
    "itIT": "Invidia",
    "koKR": "시기",
    "plPL": "Zawiść",
    "esMX": "Envidia",
    "jaJP": "羨望",
    "ptBR": "Inveja",
    "ruRU": "Зависть",
    "zhCN": "羡慕"
  },
  {
    "id": 20542,
    "Key": "Runeword36",
    "enUS": "ÿc1Eternity",
    "zhTW": "永恆",
    "deDE": "Ewigkeit",
    "esES": "Eternidad",
    "frFR": "Éternité",
    "itIT": "Eternità",
    "koKR": "영원",
    "plPL": "Wieczność",
    "esMX": "Eternidad",
    "jaJP": "永遠",
    "ptBR": "Eternidade",
    "ruRU": "Вечность",
    "zhCN": "永恒"
  },
  {
    "id": 20543,
    "Key": "Runeword37",
    "enUS": "ÿcNEach point of Strength adds 50 points of maximum fire damage to your weapon\nExile",
    "zhTW": "流亡",
    "deDE": "Exil",
    "esES": "Exilio",
    "frFR": "Exil",
    "itIT": "Esilio",
    "koKR": "추방",
    "plPL": "Wygnanie",
    "esMX": "Exilio",
    "jaJP": "追放",
    "ptBR": "Exílio",
    "ruRU": "Изгнание",
    "zhCN": "流放"
  },
  {
    "id": 20544,
    "Key": "Runeword38",
    "enUS": "ÿcNand gains extra projectile modifiers related to your current arrow power level\nHeavens spread is a multishot and holy skill \n\n for each skill point invested into the Heavens Arrow Skill\nGain 100 maximum magic damage added to your weapon\n\nFaith",
    "zhTW": "信心",
    "deDE": "Glaube",
    "esES": "Fe",
    "frFR": "Foi",
    "itIT": "Fede",
    "koKR": "신념",
    "plPL": "Wiara",
    "esMX": "Fe",
    "jaJP": "信念",
    "ptBR": "Fé",
    "ruRU": "Вера",
    "zhCN": "信念"
  },
  {
    "id": 20545,
    "Key": "Runeword39",
    "enUS": "ÿcNeach point of maximum poison resist grants 10% more poison damage\n\nFamine",
    "zhTW": "饑荒",
    "deDE": "Hungersnot",
    "esES": "Hambruna",
    "frFR": "Famine",
    "itIT": "Carestia",
    "koKR": "기근",
    "plPL": "Wygłodzenie",
    "esMX": "Hambruna",
    "jaJP": "飢饉",
    "ptBR": "Penúria",
    "ruRU": "Голод",
    "zhCN": "饥荒"
  },
  {
    "id": 20546,
    "Key": "Runeword40",
    "enUS": "ÿcNFlickering Flame",
    "zhTW": "閃爍火焰",
    "deDE": "Flamme",
    "esES": "Llama trémula",
    "frFR": "Flamme vacillante",
    "itIT": "Fiamma",
    "koKR": "꺼져가는 불길",
    "plPL": "Płomień",
    "esMX": "Llama parpadeante",
    "jaJP": "揺らめく炎",
    "ptBR": "Chama Tremeluzente",
    "ruRU": "Мерцающее пламя",
    "zhCN": "闪烁火焰"
  },
  {
    "id": 20547,
    "Key": "Runeword41",
    "enUS": "ÿcNgain base defense and attack rating equal to the sum of the values of all of your base stats\n\nFortitude",
    "zhTW": "剛毅",
    "deDE": "Stärke",
    "esES": "Fortaleza",
    "frFR": "Fortitude",
    "itIT": "Fermezza",
    "koKR": "인내",
    "plPL": "Hart",
    "esMX": "Fortaleza",
    "jaJP": "不屈",
    "ptBR": "Fortitude",
    "ruRU": "Сила духа",
    "zhCN": "刚毅"
  },
  {
    "id": 20548,
    "Key": "Runeword42",
    "enUS": "Fortune",
    "zhTW": "機運",
    "deDE": "Glück",
    "esES": "Fortuna",
    "frFR": "Fortune",
    "itIT": "Fortuna",
    "koKR": "행운",
    "plPL": "Fortuna",
    "esMX": "Fortuna",
    "jaJP": "幸運",
    "ptBR": "Fortuna",
    "ruRU": "Удача",
    "zhCN": "鸿运"
  },
  {
    "id": 20549,
    "Key": "Runeword43",
    "enUS": "Friendship",
    "zhTW": "友情",
    "deDE": "Freundschaft",
    "esES": "Amistad",
    "frFR": "Fraternité",
    "itIT": "Amicizia",
    "koKR": "우정",
    "plPL": "Przyjaźń",
    "esMX": "Amistad",
    "jaJP": "友情",
    "ptBR": "Amizade",
    "ruRU": "Дружба",
    "zhCN": "友谊"
  },
  {
    "id": 20550,
    "Key": "Runeword44",
    "enUS": "ÿcNFury",
    "zhTW": "狂怒",
    "deDE": "Wut",
    "esES": "Furia",
    "frFR": "Fureur",
    "itIT": "Furia",
    "koKR": "분노",
    "plPL": "Furia",
    "esMX": "Furia",
    "jaJP": "激情",
    "ptBR": "Fúria",
    "ruRU": "Ярость",
    "zhCN": "愤怒"
  },
  {
    "id": 20551,
    "Key": "Runeword45",
    "enUS": "ÿcNGloom",
    "zhTW": "幽暗",
    "deDE": "Düsternis",
    "esES": "Melancolía",
    "frFR": "Funérailles",
    "itIT": "Tenebre",
    "koKR": "어스름",
    "plPL": "Mrok",
    "esMX": "Penumbra",
    "jaJP": "陰鬱",
    "ptBR": "Melancolia",
    "ruRU": "Сумрак",
    "zhCN": "阴霾"
  },
  {
    "id": 20552,
    "Key": "Runeword46",
    "enUS": "Glory",
    "zhTW": "榮譽",
    "deDE": "Ruhm",
    "esES": "Gloria",
    "frFR": "Gloire",
    "itIT": "Gloria",
    "koKR": "영예",
    "plPL": "Chwała",
    "esMX": "Gloria",
    "jaJP": "栄光",
    "ptBR": "Glória",
    "ruRU": "Слава",
    "zhCN": "光华"
  },
  {
    "id": 20553,
    "Key": "Runeword47",
    "enUS": "ÿc1Grief",
    "zhTW": "悔恨",
    "deDE": "Trauer",
    "esES": "Dolor",
    "frFR": "Grand chagrin",
    "itIT": "Cordoglio",
    "koKR": "슬픔",
    "plPL": "Żal",
    "esMX": "Pena",
    "jaJP": "嘆き",
    "ptBR": "Luto",
    "ruRU": "Печаль",
    "zhCN": "悔恨"
  },
  {
    "id": 20554,
    "Key": "Runeword48",
    "enUS": "ÿcNand gains increased damage proportionate to the base level of the runic hammer skill\nHammers Of Justice is a holy and fragment skill\n\nHand of Justice",
    "zhTW": "正義之手",
    "deDE": "Hand der Gerechtigkeit",
    "esES": "Mano justiciera",
    "frFR": "Glaive de la justice",
    "itIT": "Mano della Giustizia",
    "koKR": "정의의 손길",
    "plPL": "Ręka Sprawiedliwości",
    "esMX": "Mano de la justicia",
    "jaJP": "正義の手",
    "ptBR": "Mão da Justiça",
    "ruRU": "Длань правосудия",
    "zhCN": "正义之手"
  },
  {
    "id": 20555,
    "Key": "Runeword49",
    "enUS": "ÿcNHarmony",
    "zhTW": "和諧",
    "deDE": "Harmonie",
    "esES": "Armonía",
    "frFR": "Harmonie",
    "itIT": "Armonia",
    "koKR": "조화",
    "plPL": "Harmonia",
    "esMX": "Armonía",
    "jaJP": "調和",
    "ptBR": "Harmonia",
    "ruRU": "Гармония",
    "zhCN": "和谐"
  },
  {
    "id": 20556,
    "Key": "Runeword50",
    "enUS": "ÿcNHatred",
    "zhTW": "憎恨",
    "deDE": "Hass",
    "esES": "Odio",
    "frFR": "Haine",
    "itIT": "Odio",
    "koKR": "증오",
    "plPL": "Nienawiść",
    "esMX": "Odio",
    "jaJP": "憎悪",
    "ptBR": "Ódio",
    "ruRU": "Ненависть",
    "zhCN": "憎恨"
  },
  {
    "id": 20557,
    "Key": "Runeword51",
    "enUS": "ÿcNgain increased defense equal to twice your dexterity\n\ngain increased dexterity equal to one fourth of your vitality\n\nHeart of the Oak",
    "zhTW": "橡樹之心",
    "deDE": "Herz der Eiche",
    "esES": "Corazón de roble",
    "frFR": "Haut chêne",
    "itIT": "Cuore della Quercia",
    "koKR": "참나무의 심장",
    "plPL": "Serce Dębu",
    "esMX": "Corazón de roble",
    "jaJP": "神木の心",
    "ptBR": "Coração do Carvalho",
    "ruRU": "Сердце дуба",
    "zhCN": "橡树之心"
  },
  {
    "id": 20558,
    "Key": "Runeword52",
    "enUS": "ÿcNHeaven's Will",
    "zhTW": "天堂意志",
    "deDE": "Himmlischer Wille",
    "esES": "Voluntad del cielo",
    "frFR": "Volonté des Cieux",
    "itIT": "Volontà Celeste",
    "koKR": "천상의 의지",
    "plPL": "Wola Niebios",
    "esMX": "Voluntad del cielo",
    "jaJP": "天命",
    "ptBR": "Vontade do Paraíso",
    "ruRU": "Воля небес",
    "zhCN": "天堂意志"
  },
  {
    "id": 20559,
    "Key": "Runeword53",
    "enUS": "ÿcNHoly Tears",
    "zhTW": "神聖之淚",
    "deDE": "Heilige Tränen",
    "esES": "Lágrimas sagradas",
    "frFR": "Larmes sacrées",
    "itIT": "Sacre Lacrime",
    "koKR": "신성한 눈물",
    "plPL": "Święta Łza",
    "esMX": "Lágrimas sagradas",
    "jaJP": "聖なる涙",
    "ptBR": "Lágrimas Sagradas",
    "ruRU": "Слезы святого",
    "zhCN": "神圣之泪"
  },
  {
    "id": 20560,
    "Key": "Runeword54",
    "enUS": "ÿcNHoly Thunder",
    "zhTW": "神聖雷擊",
    "deDE": "Heiliger Donner",
    "esES": "Trueno sagrado",
    "frFR": "Tonnerre sacré",
    "itIT": "Sacro Tuono",
    "koKR": "신성한 천둥",
    "plPL": "Święty Grom",
    "esMX": "Trueno sagrado",
    "jaJP": "神の雷",
    "ptBR": "Trovão Sagrado",
    "ruRU": "Божественный гром",
    "zhCN": "圣雷"
  },
  {
    "id": 20561,
    "Key": "Runeword55",
    "enUS": "ÿcNHonor",
    "zhTW": "榮耀",
    "deDE": "Ehre",
    "esES": "Honor",
    "frFR": "Honneur",
    "itIT": "Onore",
    "koKR": "명예",
    "plPL": "Honor",
    "esMX": "Honor",
    "jaJP": "名誉",
    "ptBR": "Honra",
    "ruRU": "Честь",
    "zhCN": "荣耀"
  },
  {
    "id": 20562,
    "Key": "Runeword56",
    "enUS": "Revenge",
    "zhTW": "報復",
    "deDE": "Rache",
    "esES": "Revancha",
    "frFR": "Revanche",
    "itIT": "Rivincita",
    "koKR": "보복",
    "plPL": "Mściwość",
    "esMX": "Represalia",
    "jaJP": "復讐",
    "ptBR": "Revanche",
    "ruRU": "Возмездие",
    "zhCN": "报复"
  },
  {
    "id": 20563,
    "Key": "Runeword57",
    "enUS": "Humility",
    "zhTW": "謙恭",
    "deDE": "Demut",
    "esES": "Humildad",
    "frFR": "Humilité",
    "itIT": "Umiltà",
    "koKR": "겸손",
    "plPL": "Pokora",
    "esMX": "Humildad",
    "jaJP": "謙虚",
    "ptBR": "Humildade",
    "ruRU": "Смирение",
    "zhCN": "谦逊"
  },
  {
    "id": 20564,
    "Key": "Runeword58",
    "enUS": "Hunger",
    "zhTW": "飢餓",
    "deDE": "Hunger",
    "esES": "Hambre",
    "frFR": "Faim",
    "itIT": "Fame",
    "koKR": "굶주림",
    "plPL": "Głód",
    "esMX": "Hambre",
    "jaJP": "飢え",
    "ptBR": "Fome",
    "ruRU": "Голод",
    "zhCN": "饥饿"
  },
  {
    "id": 20565,
    "Key": "Runeword59",
    "enUS": "ÿcNyour maximum cold damage is increased by 100 for every point in energy\n\nIce",
    "zhTW": "寒冰",
    "deDE": "Eis",
    "esES": "Hielo",
    "frFR": "Glace",
    "itIT": "Ghiaccio",
    "koKR": "얼음",
    "plPL": "Lód",
    "esMX": "Hielo",
    "jaJP": "氷",
    "ptBR": "Gelo",
    "ruRU": "Лед",
    "zhCN": "寒冰"
  },
  {
    "id": 20566,
    "Key": "Runeword60",
    "enUS": "ÿcNfor every 10 energy, gain 1% cast speed\n\nfor every 10 dexterity, gain 1% attack speed\n\nInfinity",
    "zhTW": "無限",
    "deDE": "Unendlichkeit",
    "esES": "Infinito",
    "frFR": "Infinité",
    "itIT": "Infinito",
    "koKR": "무한",
    "plPL": "Nieskończoność",
    "esMX": "Infinito",
    "jaJP": "無限",
    "ptBR": "Infinito",
    "ruRU": "Бесконечность",
    "zhCN": "无限"
  },
  {
    "id": 20567,
    "Key": "Runeword61",
    "enUS": "Innocence",
    "zhTW": "純真",
    "deDE": "Unschuld",
    "esES": "Inocencia",
    "frFR": "Innocence",
    "itIT": "Innocenza",
    "koKR": "결백",
    "plPL": "Niewinność",
    "esMX": "Inocencia",
    "jaJP": "無垢",
    "ptBR": "Inocência",
    "ruRU": "Невинность",
    "zhCN": "无辜"
  },
  {
    "id": 20568,
    "Key": "Runeword62",
    "enUS": "Insight",
    "zhTW": "靈光",
    "deDE": "Einsicht",
    "esES": "Perspicacia",
    "frFR": "Spiritualité",
    "itIT": "Intuito",
    "koKR": "통찰",
    "plPL": "Olśnienie",
    "esMX": "Percepción",
    "jaJP": "洞察",
    "ptBR": "Intuição",
    "ruRU": "Прозрение",
    "zhCN": "眼光"
  },
  {
    "id": 20569,
    "Key": "Runeword63",
    "enUS": "Jealousy",
    "zhTW": "妒忌",
    "deDE": "Eifersucht",
    "esES": "Celos",
    "frFR": "Jalousie",
    "itIT": "Gelosia",
    "koKR": "질투",
    "plPL": "Zazdrość",
    "esMX": "Celos",
    "jaJP": "嫉妬",
    "ptBR": "Ciúme",
    "ruRU": "Ревность",
    "zhCN": "嫉妒"
  },
  {
    "id": 20570,
    "Key": "Runeword64",
    "enUS": "Judgement",
    "zhTW": "審判",
    "deDE": "Urteil",
    "esES": "Sentencia",
    "frFR": "Jugement",
    "itIT": "Giudizio",
    "koKR": "심판",
    "plPL": "Osąd",
    "esMX": "Juicio",
    "jaJP": "審判",
    "ptBR": "Julgamento",
    "ruRU": "Правосудие",
    "zhCN": "审判"
  },
  {
    "id": 20571,
    "Key": "Runeword65",
    "enUS": "ÿcNKing's Grace",
    "zhTW": "王者的慈悲",
    "deDE": "Königliche Gnade",
    "esES": "Gracia del rey",
    "frFR": "Grâce du roi",
    "itIT": "Grazia del Re",
    "koKR": "왕의 은총",
    "plPL": "Królewska Łaska",
    "esMX": "Gracia del rey",
    "jaJP": "王の赦し",
    "ptBR": "Graça Régia",
    "ruRU": "Милость короля",
    "zhCN": "王恩"
  },
  {
    "id": 20572,
    "Key": "Runeword66",
    "enUS": "ÿcNgain increased damage to homing skills equal to half of your increased damage to wind skills\n\ngain increased damage to fragment skills equal to half of your increased damage to earth skills\n\nKingslayer",
    "zhTW": "弒王者",
    "deDE": "Königsmord",
    "esES": "Regicida",
    "frFR": "Régicide",
    "itIT": "Regicida",
    "koKR": "왕 시해자",
    "plPL": "Zabójca Królów",
    "esMX": "Matarreyes",
    "jaJP": "王殺し",
    "ptBR": "Regicida",
    "ruRU": "Цареубийца",
    "zhCN": "弑君者"
  },
  {
    "id": 20573,
    "Key": "Runeword67",
    "enUS": "Knight's Vigil",
    "zhTW": "騎士守望",
    "deDE": "Ritters Wacht",
    "esES": "Vela del caballero",
    "frFR": "Veille du chevalier",
    "itIT": "Veglia del Cavaliere",
    "koKR": "기사의 경계",
    "plPL": "Rycerska Warta",
    "esMX": "Vigilia del caballero",
    "jaJP": "騎士の見張り",
    "ptBR": "Vigília do Cavaleiro",
    "ruRU": "Бдение рыцаря",
    "zhCN": "骑士之印"
  },
  {
    "id": 20574,
    "Key": "Runeword68",
    "enUS": "Knowledge",
    "zhTW": "學識",
    "deDE": "Wissen",
    "esES": "Saber",
    "frFR": "Connaissance",
    "itIT": "Conoscenza",
    "koKR": "지식",
    "plPL": "Poznanie",
    "esMX": "Conocimiento",
    "jaJP": "知識",
    "ptBR": "Conhecimento",
    "ruRU": "Знание",
    "zhCN": "知识"
  },
  {
    "id": 20575,
    "Key": "Runeword69",
    "enUS": "Last Wish",
    "zhTW": "最後遺願",
    "deDE": "Letzter Wunsch",
    "esES": "Último deseo",
    "frFR": "Dernière volonté",
    "itIT": "Ultimo Desiderio",
    "koKR": "마지막 소원",
    "plPL": "Ostatnie Życzenie",
    "esMX": "Último deseo",
    "jaJP": "最後の願い",
    "ptBR": "Último Desejo",
    "ruRU": "Последняя воля",
    "zhCN": "临终之愿"
  },
  {
    "id": 20576,
    "Key": "Runeword70",
    "enUS": "Law",
    "zhTW": "律法",
    "deDE": "Gesetz",
    "esES": "Ley",
    "frFR": "Loi",
    "itIT": "Legge",
    "koKR": "법률",
    "plPL": "Prawo",
    "esMX": "Ley",
    "jaJP": "法",
    "ptBR": "Lei",
    "ruRU": "Закон",
    "zhCN": "律法"
  },
  {
    "id": 20577,
    "Key": "Runeword71",
    "enUS": "ÿcNgain 1 % increased total strength\n\nfor each 5 points invested into the warrior of light skill:\n\ngain 4% damage to holy skills\n\nfor each point invested into the warrior of light skill:\nLawbringer",
    "zhTW": "執法者",
    "deDE": "Gesetzesbringer",
    "esES": "Jurista",
    "frFR": "Législateur",
    "itIT": "Legiferatore",
    "koKR": "집행자",
    "plPL": "Prawodawca",
    "esMX": "Justiciero",
    "jaJP": "法の番人",
    "ptBR": "Justiceiro",
    "ruRU": "Судия",
    "zhCN": "执法者"
  },
  {
    "id": 20578,
    "Key": "Runeword72",
    "enUS": "ÿcNLeaf",
    "zhTW": "葉子",
    "deDE": "Blatt",
    "esES": "Hoja",
    "frFR": "Feuille",
    "itIT": "Foglia",
    "koKR": "잎새",
    "plPL": "Liść",
    "esMX": "Hoja",
    "jaJP": "葉",
    "ptBR": "Folha",
    "ruRU": "Лист",
    "zhCN": "叶子"
  },
  {
    "id": 20579,
    "Key": "Runeword73",
    "enUS": "Lightning",
    "zhTW": "閃電",
    "deDE": "Blitzschlag",
    "esES": "Rayo",
    "frFR": "Foudre",
    "itIT": "Fulmine",
    "koKR": "번개",
    "plPL": "Błyskawica",
    "esMX": "Rayo",
    "jaJP": "稲妻",
    "ptBR": "Eletricidade",
    "ruRU": "Молния",
    "zhCN": "闪电"
  },
  {
    "id": 20580,
    "Key": "Runeword74",
    "enUS": "ÿcNLionheart",
    "zhTW": "獅子心",
    "deDE": "Löwenherz",
    "esES": "Corazón de león",
    "frFR": "Cœur-de-lion",
    "itIT": "Cuor di Leone",
    "koKR": "용맹",
    "plPL": "Lwie Serce",
    "esMX": "Corazón de león",
    "jaJP": "勇猛",
    "ptBR": "Coração de Leão",
    "ruRU": "Львиное сердце",
    "zhCN": "狮心"
  },
  {
    "id": 20581,
    "Key": "Runeword75",
    "enUS": "ÿcN\ngain 1% increased health regeneration per 10 vitality\n\nLore",
    "zhTW": "知識",
    "deDE": "Überlieferung",
    "esES": "Acervo",
    "frFR": "Savoir",
    "itIT": "Dottrina",
    "koKR": "전승",
    "plPL": "Wiedza",
    "esMX": "Historia",
    "jaJP": "伝承",
    "ptBR": "Legado",
    "ruRU": "История",
    "zhCN": "学识"
  },
  {
    "id": 20582,
    "Key": "Runeword76",
    "enUS": "Love",
    "zhTW": "愛情",
    "deDE": "Liebe",
    "esES": "Amor",
    "frFR": "Lien amoureux",
    "itIT": "Amore",
    "koKR": "사랑",
    "plPL": "Miłość",
    "esMX": "Amor",
    "jaJP": "愛",
    "ptBR": "Amor",
    "ruRU": "Любовь",
    "zhCN": "爱情"
  },
  {
    "id": 20583,
    "Key": "Runeword77",
    "enUS": "Loyalty",
    "zhTW": "忠誠",
    "deDE": "Treue",
    "esES": "Lealtad",
    "frFR": "Loyauté",
    "itIT": "Fedeltà",
    "koKR": "충심",
    "plPL": "Lojalność",
    "esMX": "Lealtad",
    "jaJP": "忠義",
    "ptBR": "Lealdade",
    "ruRU": "Преданность",
    "zhCN": "忠诚"
  },
  {
    "id": 20584,
    "Key": "Runeword78",
    "enUS": "Lust",
    "zhTW": "慾望",
    "deDE": "Lust",
    "esES": "Lujuria",
    "frFR": "Luxure",
    "itIT": "Lussuria",
    "koKR": "욕정",
    "plPL": "Żądza",
    "esMX": "Lujuria",
    "jaJP": "熱望",
    "ptBR": "Luxúria",
    "ruRU": "Похоть",
    "zhCN": "欲望"
  },
  {
    "id": 20585,
    "Key": "Runeword79",
    "enUS": "Madness",
    "zhTW": "瘋狂",
    "deDE": "Wahnsinn",
    "esES": "Locura",
    "frFR": "Aliénation",
    "itIT": "Follia",
    "koKR": "광기",
    "plPL": "Szaleństwo",
    "esMX": "Locura",
    "jaJP": "狂気",
    "ptBR": "Loucura",
    "ruRU": "Безумие",
    "zhCN": "疯狂"
  },
  {
    "id": 20586,
    "Key": "Runeword81",
    "enUS": "ÿcNMalice",
    "zhTW": "怨恨",
    "deDE": "Boshaftigkeit",
    "esES": "Maldad",
    "frFR": "Méchanceté",
    "itIT": "Malizia",
    "koKR": "악의",
    "plPL": "Złośliwość",
    "esMX": "Malicia",
    "jaJP": "恨み",
    "ptBR": "Malícia",
    "ruRU": "Злоба",
    "zhCN": "怨恨"
  },
  {
    "id": 20587,
    "Key": "Runeword82",
    "enUS": "ÿcNMelody",
    "zhTW": "旋律",
    "deDE": "Melodie",
    "esES": "Melodía",
    "frFR": "Mélodie",
    "itIT": "Melodia",
    "koKR": "선율",
    "plPL": "Melodia",
    "esMX": "Melodía",
    "jaJP": "旋律",
    "ptBR": "Melodia",
    "ruRU": "Мелодия",
    "zhCN": "旋律"
  },
  {
    "id": 20588,
    "Key": "Runeword83",
    "enUS": "ÿcNyou gain magical damage reduction equal to your energy stat\n\none quarter of your strength is added to your energy stat\n\nMemory",
    "zhTW": "記憶",
    "deDE": "Erinnerung",
    "esES": "Memoria",
    "frFR": "Mémoire",
    "itIT": "Memoria",
    "koKR": "기억",
    "plPL": "Pamięć",
    "esMX": "Memoria",
    "jaJP": "記憶",
    "ptBR": "Memória",
    "ruRU": "Память",
    "zhCN": "回忆"
  },
  {
    "id": 20589,
    "Key": "Runeword84",
    "enUS": "ÿc1Mist",
    "zhTW": "迷霧",
    "deDE": "Nebel",
    "esES": "Bruma",
    "frFR": "Brume",
    "itIT": "Bruma",
    "koKR": "안개",
    "plPL": "Mgła",
    "esMX": "Bruma",
    "jaJP": "霧",
    "ptBR": "Névoa",
    "ruRU": "Туман",
    "zhCN": "迷雾"
  },
  {
    "id": 20590,
    "Key": "Runeword85",
    "enUS": "Morning",
    "zhTW": "清晨",
    "deDE": "Morgen",
    "esES": "Mañana",
    "frFR": "Matin",
    "itIT": "Mattino",
    "koKR": "아침",
    "plPL": "Poranek",
    "esMX": "Mañana",
    "jaJP": "朝",
    "ptBR": "Manhã",
    "ruRU": "Утро",
    "zhCN": "清晨"
  },
  {
    "id": 20591,
    "Key": "Runeword86",
    "enUS": "Mystery",
    "zhTW": "神秘",
    "deDE": "Geheimnis",
    "esES": "Misterio",
    "frFR": "Mystère",
    "itIT": "Mistero",
    "koKR": "신비",
    "plPL": "Tajemnica",
    "esMX": "Misterio",
    "jaJP": "神秘",
    "ptBR": "Mistério",
    "ruRU": "Загадка",
    "zhCN": "谜题"
  },
  {
    "id": 20592,
    "Key": "Runeword87",
    "enUS": "ÿcNMyth",
    "zhTW": "神話",
    "deDE": "Mythos",
    "esES": "Mito",
    "frFR": "Mythe",
    "itIT": "Mito",
    "koKR": "신화",
    "plPL": "Mit",
    "esMX": "Mito",
    "jaJP": "神話",
    "ptBR": "Mito",
    "ruRU": "Миф",
    "zhCN": "神话"
  },
  {
    "id": 20593,
    "Key": "Runeword88",
    "enUS": "ÿcN\ngain 3% magic find per Warmth Skill level\n\nNadir",
    "zhTW": "天底",
    "deDE": "Nadir",
    "esES": "Nadir",
    "frFR": "Nadir",
    "itIT": "Nadir",
    "koKR": "구렁텅이",
    "plPL": "Nadir",
    "esMX": "Nadir",
    "jaJP": "奈落",
    "ptBR": "Nadir",
    "ruRU": "Упадок",
    "zhCN": "天底"
  },
  {
    "id": 20594,
    "Key": "Runeword89",
    "enUS": "Nature's Kingdom",
    "zhTW": "自然王國",
    "deDE": "Königreich der Natur",
    "esES": "Reino de la naturaleza",
    "frFR": "Nature",
    "itIT": "Regno della Natura",
    "koKR": "자연의 왕국",
    "plPL": "Królestwo Natury",
    "esMX": "Reino de la naturaleza",
    "jaJP": "自然の王国",
    "ptBR": "Reino da Natureza",
    "ruRU": "Царство природы",
    "zhCN": "自然王国"
  },
  {
    "id": 20595,
    "Key": "Runeword90",
    "enUS": "Night",
    "zhTW": "夜晚",
    "deDE": "Nacht",
    "esES": "Noche",
    "frFR": "Nuit",
    "itIT": "Notte",
    "koKR": "밤",
    "plPL": "Noc",
    "esMX": "Noche",
    "jaJP": "夜",
    "ptBR": "Noite",
    "ruRU": "Ночь",
    "zhCN": "黑夜"
  },
  {
    "id": 20596,
    "Key": "Runeword91",
    "enUS": "ÿcNGain 5 dexterity for each point invested into the Knife Mastery Skill\n\ngain 5 energy for each point invested into the Blood Nova Skill\n\ngain 5 vitality for each point invested into the Necromage skill\n\nOath",
    "zhTW": "誓約",
    "deDE": "Eid",
    "esES": "Juramento",
    "frFR": "Serment",
    "itIT": "Giuramento",
    "koKR": "서약",
    "plPL": "Przysięga",
    "esMX": "Juramento",
    "jaJP": "誓い",
    "ptBR": "Juramento",
    "ruRU": "Клятва",
    "zhCN": "誓言"
  },
  {
    "id": 20597,
    "Key": "Runeword92",
    "enUS": "ÿc1Obedience",
    "zhTW": "遵從",
    "deDE": "Gehorsam",
    "esES": "Obediencia",
    "frFR": "Obéissance ",
    "itIT": "Obbedienza",
    "koKR": "순종",
    "plPL": "Posłuszeństwo",
    "esMX": "Obediencia",
    "jaJP": "服従",
    "ptBR": "Obediência",
    "ruRU": "Послушание",
    "zhCN": "顺从"
  },
  {
    "id": 20598,
    "Key": "Runeword93",
    "enUS": "Oblivion",
    "zhTW": "湮沒",
    "deDE": "Nichts",
    "esES": "Olvido",
    "frFR": "Oubli",
    "itIT": "Oblio",
    "koKR": "망각",
    "plPL": "Zapomnienie",
    "esMX": "Olvido",
    "jaJP": "忘却",
    "ptBR": "Esquecimento",
    "ruRU": "Забвение",
    "zhCN": "湮灭"
  },
  {
    "id": 20599,
    "Key": "Runeword94",
    "enUS": "Obsession",
    "zhTW": "執念",
    "deDE": "Besessenheit",
    "esES": "Obsesión",
    "frFR": "Obsession",
    "itIT": "Ossessione",
    "koKR": "집착",
    "plPL": "Obsesja",
    "esMX": "Obsesión",
    "jaJP": "執着",
    "ptBR": "Obsessão",
    "ruRU": "Помешательство",
    "zhCN": "执着"
  },
  {
    "id": 20600,
    "Key": "Runeword95",
    "enUS": "ÿcNyour % increase to movement speed value is added to your magic find value\n\nPassion",
    "zhTW": "熱情",
    "deDE": "Leidenschaft",
    "esES": "Pasión",
    "frFR": "Passion",
    "itIT": "Passione",
    "koKR": "열정",
    "plPL": "Pasja",
    "esMX": "Pasión",
    "jaJP": "情熱",
    "ptBR": "Paixão",
    "ruRU": "Страсть",
    "zhCN": "热情"
  },
  {
    "id": 20601,
    "Key": "Runeword96",
    "enUS": "Patience",
    "zhTW": "耐心",
    "deDE": "Geduld",
    "esES": "Paciencia",
    "frFR": "Patience",
    "itIT": "Pazienza",
    "koKR": "끈기",
    "plPL": "Cierpliwość",
    "esMX": "Paciencia",
    "jaJP": "忍耐",
    "ptBR": "Paciência",
    "ruRU": "Терпение",
    "zhCN": "耐心"
  },
  {
    "id": 20602,
    "Key": "Runeword97",
    "enUS": "ÿcNPattern",
    "zhTW": "圖紋",
    "deDE": "Prasseln",
    "esES": "Patrón",
    "frFR": "Patron",
    "itIT": "Trama",
    "koKR": "귀감",
    "plPL": "Wzorzec",
    "esMX": "Patrón",
    "jaJP": "模範",
    "ptBR": "Padrão",
    "ruRU": "Узор",
    "zhCN": "典范"
  },
  {
    "id": 20603,
    "Key": "Runeword98",
    "enUS": "Peace",
    "zhTW": "和平",
    "deDE": "Frieden",
    "esES": "Paz",
    "frFR": "Paix",
    "itIT": "Pace",
    "koKR": "평화",
    "plPL": "Pokój",
    "esMX": "Paz",
    "jaJP": "平和",
    "ptBR": "Paz",
    "ruRU": "Мир",
    "zhCN": "平和"
  },
  {
    "id": 20604,
    "Key": "Runeword99",
    "enUS": "ÿcNVoice of Reason",
    "zhTW": "理性之聲",
    "deDE": "Stimme der Vernunft",
    "esES": "Voz de la razón",
    "frFR": "Voix de la raison",
    "itIT": "Voce della Ragione",
    "koKR": "이성의 목소리",
    "plPL": "Głos Rozsądku",
    "esMX": "Voz de la razón",
    "jaJP": "理知の声",
    "ptBR": "Voz da Razão",
    "ruRU": "Голос разума",
    "zhCN": "理智之声"
  },
  {
    "id": 20605,
    "Key": "Runeword100",
    "enUS": "Penitence",
    "zhTW": "懺悔",
    "deDE": "Reue",
    "esES": "Penitencia",
    "frFR": "Pénitence",
    "itIT": "Penitenza",
    "koKR": "참회",
    "plPL": "Skrucha",
    "esMX": "Penitencia",
    "jaJP": "懺悔",
    "ptBR": "Penitência",
    "ruRU": "Покаяние",
    "zhCN": "忏悔"
  },
  {
    "id": 20606,
    "Key": "Runeword101",
    "enUS": "Peril",
    "zhTW": "危害",
    "deDE": "Gefahr",
    "esES": "Peligro",
    "frFR": "Péril",
    "itIT": "Pericolo",
    "koKR": "위기",
    "plPL": "Niebezpieczeństwo",
    "esMX": "Riesgo",
    "jaJP": "危機",
    "ptBR": "Perigo",
    "ruRU": "Опасность",
    "zhCN": "灾劫"
  },
  {
    "id": 20607,
    "Key": "Runeword102",
    "enUS": "Pestilence",
    "zhTW": "疫病",
    "deDE": "Pestilenz",
    "esES": "Pestilencia",
    "frFR": "Pestilence",
    "itIT": "Pestilenza",
    "koKR": "질병",
    "plPL": "Zaraza",
    "esMX": "Pestilencia",
    "jaJP": "悪疫",
    "ptBR": "Pestilência",
    "ruRU": "Мор",
    "zhCN": "疾病"
  },
  {
    "id": 20608,
    "Key": "Runeword103",
    "enUS": "ÿcNPhoenix",
    "zhTW": "鳳凰",
    "deDE": "Phönix",
    "esES": "Fénix",
    "frFR": "Phénix",
    "itIT": "Fenice",
    "koKR": "불사조",
    "plPL": "Feniks",
    "esMX": "Fénix",
    "jaJP": "不死鳥",
    "ptBR": "Fênix",
    "ruRU": "Феникс",
    "zhCN": "凤凰"
  },
  {
    "id": 20609,
    "Key": "Runeword104",
    "enUS": "Piety",
    "zhTW": "虔誠",
    "deDE": "Frömmigkeit",
    "esES": "Piedad",
    "frFR": "Piété",
    "itIT": "Pietà",
    "koKR": "경건",
    "plPL": "Pobożność",
    "esMX": "Piedad",
    "jaJP": "敬神",
    "ptBR": "Piedade",
    "ruRU": "Благочестие",
    "zhCN": "虔敬"
  },
  {
    "id": 20610,
    "Key": "Runeword105",
    "enUS": "Pillar of Faith",
    "zhTW": "信念之柱",
    "deDE": "Säule des Glaubens",
    "esES": "Pilar de fe",
    "frFR": "Pilier de la foi",
    "itIT": "Pilastro della Fede",
    "koKR": "신념의 기둥",
    "plPL": "Filar Wiary",
    "esMX": "Pilar de fe",
    "jaJP": "信仰の柱",
    "ptBR": "Pilar da Fé",
    "ruRU": "Столп веры",
    "zhCN": "信念之柱"
  },
  {
    "id": 20611,
    "Key": "Runeword106",
    "enUS": "ÿcNPlague",
    "zhTW": "瘟疫",
    "deDE": "Pest",
    "esES": "Peste",
    "frFR": "Peste",
    "itIT": "Contagio",
    "koKR": "역병",
    "plPL": "Plaga",
    "esMX": "Peste",
    "jaJP": "災厄",
    "ptBR": "Peste",
    "ruRU": "Чума",
    "zhCN": "瘟疫"
  },
  {
    "id": 20612,
    "Key": "Runeword107",
    "enUS": "Praise",
    "zhTW": "頌揚",
    "deDE": "Lobpreisung",
    "esES": "Alabanza",
    "frFR": "Louange",
    "itIT": "Lode",
    "koKR": "칭송",
    "plPL": "Pochwała",
    "esMX": "Loa",
    "jaJP": "賛美",
    "ptBR": "Louvor",
    "ruRU": "Похвала",
    "zhCN": "赞美"
  },
  {
    "id": 20613,
    "Key": "Runeword108",
    "enUS": "Prayer",
    "zhTW": "祈禱",
    "deDE": "Gebet",
    "esES": "Oración",
    "frFR": "Prière",
    "itIT": "Preghiera",
    "koKR": "기도",
    "plPL": "Modlitwa",
    "esMX": "Plegaria",
    "jaJP": "祈願",
    "ptBR": "Prece",
    "ruRU": "Молитва",
    "zhCN": "祈祷"
  },
  {
    "id": 20614,
    "Key": "Runeword109",
    "enUS": "ÿcNhalf of your increased damage to unholy skills\n\nhalf of your increased damage to holy skills\n\ngain additional damage to nova skills equal to:\n\nPride",
    "zhTW": "驕傲",
    "deDE": "Stolz",
    "esES": "Orgullo",
    "frFR": "Fierté",
    "itIT": "Superbia",
    "koKR": "긍지",
    "plPL": "Duma",
    "esMX": "Orgullo",
    "jaJP": "誇り",
    "ptBR": "Orgulho",
    "ruRU": "Гордость",
    "zhCN": "骄傲"
  },
  {
    "id": 20615,
    "Key": "Runeword110",
    "enUS": "ÿcNPrinciple",
    "zhTW": "原則",
    "deDE": "Prinzip",
    "esES": "Principio",
    "frFR": "Principe",
    "itIT": "Principio",
    "koKR": "원칙",
    "plPL": "Zasada",
    "esMX": "Principio",
    "jaJP": "原理",
    "ptBR": "Princípio",
    "ruRU": "Убеждение",
    "zhCN": "信条"
  },
  {
    "id": 20616,
    "Key": "Runeword111",
    "enUS": "Prowess in Battle",
    "zhTW": "勇戰之力",
    "deDE": "Tapferkeit im Kampf",
    "esES": "Habilidad en combate",
    "frFR": "Prouesse",
    "itIT": "Prodezza",
    "koKR": "전장의 기량",
    "plPL": "Sprawność Bojowa",
    "esMX": "Destreza en combate",
    "jaJP": "武勇",
    "ptBR": "Perícia em Batalha",
    "ruRU": "Доблесть",
    "zhCN": "战力"
  },
  {
    "id": 20617,
    "Key": "Runeword112",
    "enUS": "ÿcN\ngain 1% increased poison pierce per Poison Hadoken Skill Level\n\nPrudence",
    "zhTW": "謹慎",
    "deDE": "Besonnenheit",
    "esES": "Prudencia",
    "frFR": "Prudence",
    "itIT": "Prudenza",
    "koKR": "신중",
    "plPL": "Rozwaga",
    "esMX": "Prudencia",
    "jaJP": "分別",
    "ptBR": "Prudência",
    "ruRU": "Благоразумие",
    "zhCN": "谨慎"
  },
  {
    "id": 20618,
    "Key": "Runeword113",
    "enUS": "Punishment",
    "zhTW": "懲罰",
    "deDE": "Strafe",
    "esES": "Castigo",
    "frFR": "Punition",
    "itIT": "Punizione",
    "koKR": "징벌",
    "plPL": "Kara",
    "esMX": "Castigo",
    "jaJP": "罰",
    "ptBR": "Punição",
    "ruRU": "Наказание",
    "zhCN": "惩罚"
  },
  {
    "id": 20619,
    "Key": "Runeword114",
    "enUS": "Purity",
    "zhTW": "純潔",
    "deDE": "Reinheit",
    "esES": "Pureza",
    "frFR": "Pureté",
    "itIT": "Purezza",
    "koKR": "순수",
    "plPL": "Czystość",
    "esMX": "Pureza",
    "jaJP": "純粋",
    "ptBR": "Pureza",
    "ruRU": "Чистота",
    "zhCN": "纯洁"
  },
  {
    "id": 20620,
    "Key": "Runeword115",
    "enUS": "Question",
    "zhTW": "疑問",
    "deDE": "Frage",
    "esES": "Duda",
    "frFR": "Question",
    "itIT": "Quesito",
    "koKR": "의문",
    "plPL": "Pytanie",
    "esMX": "Pregunta",
    "jaJP": "疑問",
    "ptBR": "Questão",
    "ruRU": "Вопрос",
    "zhCN": "质问"
  },
  {
    "id": 20621,
    "Key": "Runeword116",
    "enUS": "ÿcNRadiance",
    "zhTW": "光輝",
    "deDE": "Glanz",
    "esES": "Resplandor",
    "frFR": "Rayon",
    "itIT": "Fulgore",
    "koKR": "광휘",
    "plPL": "Blask",
    "esMX": "Resplandor",
    "jaJP": "輝き",
    "ptBR": "Luminosidade",
    "ruRU": "Сияние",
    "zhCN": "光辉"
  },
  {
    "id": 20622,
    "Key": "Runeword117",
    "enUS": "ÿcNRain",
    "zhTW": "降雨",
    "deDE": "Regen",
    "esES": "Lluvia",
    "frFR": "Pluie",
    "itIT": "Pioggia",
    "koKR": "비",
    "plPL": "Deszcz",
    "esMX": "Lluvia",
    "jaJP": "雨",
    "ptBR": "Chuva",
    "ruRU": "Ливень",
    "zhCN": "暴雨"
  },
  {
    "id": 20623,
    "Key": "Runeword118",
    "enUS": "Reason",
    "zhTW": "理由",
    "deDE": "Vernunft",
    "esES": "Razón",
    "frFR": "Raison",
    "itIT": "Ragione",
    "koKR": "이성",
    "plPL": "Rozsądek",
    "esMX": "Razón",
    "jaJP": "理性",
    "ptBR": "Razão",
    "ruRU": "Разум",
    "zhCN": "理性"
  },
  {
    "id": 20624,
    "Key": "Runeword119",
    "enUS": "Red",
    "zhTW": "鮮紅",
    "deDE": "Röte",
    "esES": "Rojez",
    "frFR": "Rouge",
    "itIT": "Rosso",
    "koKR": "핏빛",
    "plPL": "Czerwień",
    "esMX": "Rojo",
    "jaJP": "赤",
    "ptBR": "Vermelho",
    "ruRU": "Багрянец",
    "zhCN": "绯红"
  },
  {
    "id": 20625,
    "Key": "Runeword120",
    "enUS": "ÿcNRhyme",
    "zhTW": "聲韻",
    "deDE": "Reim",
    "esES": "Rima",
    "frFR": "Rime",
    "itIT": "Rima",
    "koKR": "각운",
    "plPL": "Rym",
    "esMX": "Rima",
    "jaJP": "韻",
    "ptBR": "Rima",
    "ruRU": "Рифма",
    "zhCN": "韵律"
  },
  {
    "id": 20626,
    "Key": "Runeword121",
    "enUS": "ÿcN1% reduced enemy physical immunity\n\n6% increased damage to crossbow skills\n\nfor every point invested into the agent of death skill, gain : \n\nRift",
    "zhTW": "裂隙",
    "deDE": "Zerrissenheit",
    "esES": "Grieta",
    "frFR": "Rupture",
    "itIT": "Varco",
    "koKR": "균열",
    "plPL": "Szczelina",
    "esMX": "Grieta",
    "jaJP": "不和",
    "ptBR": "Fenda",
    "ruRU": "Разлом",
    "zhCN": "裂隙"
  },
  {
    "id": 20627,
    "Key": "Runeword122",
    "enUS": "ÿcNSanctuary",
    "zhTW": "聖堂",
    "deDE": "Zuflucht",
    "esES": "Santuario",
    "frFR": "Sanctuaire",
    "itIT": "Santuario",
    "koKR": "성역",
    "plPL": "Sanktuarium",
    "esMX": "Santuario",
    "jaJP": "聖域",
    "ptBR": "Santuário",
    "ruRU": "Убежище",
    "zhCN": "庇护"
  },
  {
    "id": 20628,
    "Key": "Runeword123",
    "enUS": "Serendipity",
    "zhTW": "機緣",
    "deDE": "Glückseligkeit",
    "esES": "Serendipia",
    "frFR": "Veine",
    "itIT": "Serendipità",
    "koKR": "우연한 행운",
    "plPL": "Łut Szczęścia",
    "esMX": "Serendipia",
    "jaJP": "僥倖",
    "ptBR": "Acaso",
    "ruRU": "Прозорливость",
    "zhCN": "奇遇"
  },
  {
    "id": 20629,
    "Key": "Runeword124",
    "enUS": "Shadow",
    "zhTW": "暗影",
    "deDE": "Schatten",
    "esES": "Sombra",
    "frFR": "Ombre",
    "itIT": "Ombra",
    "koKR": "그림자",
    "plPL": "Cień",
    "esMX": "Sombra",
    "jaJP": "闇",
    "ptBR": "Sombra",
    "ruRU": "Тень",
    "zhCN": "阴影"
  },
  {
    "id": 20630,
    "Key": "Runeword125",
    "enUS": "Shadow of Doubt",
    "zhTW": "懷疑之影",
    "deDE": "Schatten des Zweifels",
    "esES": "Sombra de duda",
    "frFR": "Ombre du doute",
    "itIT": "Ombra del Dubbio",
    "koKR": "의심의 그림자",
    "plPL": "Cień Wątpliwości",
    "esMX": "Sombra de la duda",
    "jaJP": "疑惑の影",
    "ptBR": "Sombra da Dúvida",
    "ruRU": "Тень сомнения",
    "zhCN": "疑虑之影"
  },
  {
    "id": 20631,
    "Key": "Runeword126",
    "enUS": "Silence",
    "zhTW": "寂靜",
    "deDE": "Stille",
    "esES": "Silencio",
    "frFR": "Silence",
    "itIT": "Silenzio",
    "koKR": "침묵",
    "plPL": "Cisza",
    "esMX": "Silencio",
    "jaJP": "静寂",
    "ptBR": "Silêncio",
    "ruRU": "Безмолвие",
    "zhCN": "沉默"
  },
  {
    "id": 20632,
    "Key": "Runeword127",
    "enUS": "Siren's Song",
    "zhTW": "賽蓮之歌",
    "deDE": "Sirenengesang",
    "esES": "Canto de sirena",
    "frFR": "Sirène",
    "itIT": "Canto della Sirena",
    "koKR": "세이렌의 노래",
    "plPL": "Pieśń Syreny",
    "esMX": "Canto de sirena",
    "jaJP": "セイレーンの歌",
    "ptBR": "Canto da Sirena",
    "ruRU": "Песнь сирены",
    "zhCN": "海妖之歌"
  },
  {
    "id": 20633,
    "Key": "Runeword128",
    "enUS": "ÿcN\ngain 1% increased chance to dodge, avoid and evade per base level invested into Power Of Arrows\n\nSmoke",
    "zhTW": "煙霧",
    "deDE": "Rauch",
    "esES": "Humo",
    "frFR": "Fumée",
    "itIT": "Fumo",
    "koKR": "연기",
    "plPL": "Dym",
    "esMX": "Humo",
    "jaJP": "煙",
    "ptBR": "Fumaça",
    "ruRU": "Дым",
    "zhCN": "烟雾"
  },
  {
    "id": 20634,
    "Key": "Runeword129",
    "enUS": "Sorrow",
    "zhTW": "哀傷",
    "deDE": "Traurigkeit",
    "esES": "Tristeza",
    "frFR": "Tristesse",
    "itIT": "Rimorso",
    "koKR": "비탄",
    "plPL": "Smutek",
    "esMX": "Melancolía",
    "jaJP": "悲哀",
    "ptBR": "Mágoa",
    "ruRU": "Скорбь",
    "zhCN": "悲伤"
  },
  {
    "id": 20635,
    "Key": "Runeword130",
    "enUS": "Spirit",
    "zhTW": "精神",
    "deDE": "Geist",
    "esES": "Espíritu",
    "frFR": "Esprit",
    "itIT": "Spirito",
    "koKR": "영혼",
    "plPL": "Duch",
    "esMX": "Espíritu",
    "jaJP": "精霊",
    "ptBR": "Espírito",
    "ruRU": "Дух",
    "zhCN": "精神"
  },
  {
    "id": 20636,
    "Key": "Runeword131",
    "enUS": "ÿcN\ngain 1% increased Damage Reduction per Boon Of The Hoarder skill level\n\nSplendor",
    "zhTW": "燦爛",
    "deDE": "Pracht",
    "esES": "Esplendor",
    "frFR": "Splendeur",
    "itIT": "Splendore",
    "koKR": "광채",
    "plPL": "Splendor",
    "esMX": "Esplendor",
    "jaJP": "壮麗",
    "ptBR": "Esplendor",
    "ruRU": "Великолепие",
    "zhCN": "壮美"
  },
  {
    "id": 20637,
    "Key": "Runeword132",
    "enUS": "Starlight",
    "zhTW": "星光",
    "deDE": "Sternenlicht",
    "esES": "Luz de las estrellas",
    "frFR": "Lumière stellaire",
    "itIT": "Luce Stellare",
    "koKR": "별빛",
    "plPL": "Światło Gwiazd",
    "esMX": "Luz estelar",
    "jaJP": "星の光",
    "ptBR": "Luz Estelar",
    "ruRU": "Звездный свет",
    "zhCN": "星光"
  },
  {
    "id": 20638,
    "Key": "Runeword133",
    "enUS": "ÿcNStealth",
    "zhTW": "隱密",
    "deDE": "Verstohlenheit",
    "esES": "Sigilo",
    "frFR": "Discrétion",
    "itIT": "Furtività",
    "koKR": "잠행",
    "plPL": "Skradanie",
    "esMX": "Sigilo",
    "jaJP": "隠密",
    "ptBR": "Furtividade",
    "ruRU": "Незаметность",
    "zhCN": "隐秘"
  },
  {
    "id": 20639,
    "Key": "Runeword134",
    "enUS": "ÿcNSteel",
    "zhTW": "鋼鐵",
    "deDE": "Stahl",
    "esES": "Acero",
    "frFR": "Acier",
    "itIT": "Acciaio",
    "koKR": "강철",
    "plPL": "Stal",
    "esMX": "Acero",
    "jaJP": "鋼",
    "ptBR": "Aço",
    "ruRU": "Сталь",
    "zhCN": "钢铁"
  },
  {
    "id": 20640,
    "Key": "Runeword135",
    "enUS": "Still Water",
    "zhTW": "寂靜之水",
    "deDE": "Stilles Wasser",
    "esES": "Aguas tranquilas",
    "frFR": "Eaux calmes",
    "itIT": "Acqua Ferma",
    "koKR": "고요한 물",
    "plPL": "Spokojna Woda",
    "esMX": "Agua estancada",
    "jaJP": "淀み",
    "ptBR": "Água Parada",
    "ruRU": "Тихие воды",
    "zhCN": "止水"
  },
  {
    "id": 20641,
    "Key": "Runeword136",
    "enUS": "Sting",
    "zhTW": "螫刺",
    "deDE": "Stachel",
    "esES": "Aguijón",
    "frFR": "Piqûre",
    "itIT": "Pungiglione",
    "koKR": "쐐기",
    "plPL": "Żądło",
    "esMX": "Aguijón",
    "jaJP": "痛烈",
    "ptBR": "Picada",
    "ruRU": "Жало",
    "zhCN": "钉刺"
  },
  {
    "id": 20642,
    "Key": "Runeword137",
    "enUS": "Stone",
    "zhTW": "石塊",
    "deDE": "Stein",
    "esES": "Roca",
    "frFR": "Pierre",
    "itIT": "Pietra",
    "koKR": "돌",
    "plPL": "Kamień",
    "esMX": "Piedra",
    "jaJP": "石",
    "ptBR": "Pedra",
    "ruRU": "Камень",
    "zhCN": "磐石"
  },
  {
    "id": 20643,
    "Key": "Runeword138",
    "enUS": "Storm",
    "zhTW": "風暴",
    "deDE": "Sturm",
    "esES": "Tormenta",
    "frFR": "Orage",
    "itIT": "Ciclone",
    "koKR": "폭풍",
    "plPL": "Nawałnica",
    "esMX": "Tormenta",
    "jaJP": "嵐",
    "ptBR": "Tempestade",
    "ruRU": "Шторм",
    "zhCN": "风暴"
  },
  {
    "id": 20644,
    "Key": "Runeword139",
    "enUS": "Strength",
    "zhTW": "力量",
    "deDE": "Stärke",
    "esES": "Fuerza",
    "frFR": "Force",
    "itIT": "Forza",
    "koKR": "강함",
    "plPL": "Siła",
    "esMX": "Fuerza",
    "jaJP": "力",
    "ptBR": "Força",
    "ruRU": "Сила",
    "zhCN": "力量"
  },
  {
    "id": 20645,
    "Key": "Runeword140",
    "enUS": "Tempest",
    "zhTW": "暴風雨",
    "deDE": "Orkan",
    "esES": "Tempestad",
    "frFR": "Tempête",
    "itIT": "Tempesta",
    "koKR": "비바람",
    "plPL": "Burza",
    "esMX": "Tempestad",
    "jaJP": "波乱",
    "ptBR": "Tormenta",
    "ruRU": "Буря",
    "zhCN": "暴风雨"
  },
  {
    "id": 20646,
    "Key": "Runeword141",
    "enUS": "Temptation",
    "zhTW": "誘惑",
    "deDE": "Versuchung",
    "esES": "Tentación",
    "frFR": "Tentation",
    "itIT": "Tentazione",
    "koKR": "유혹",
    "plPL": "Pokusa",
    "esMX": "Tentación",
    "jaJP": "誘惑",
    "ptBR": "Tentação",
    "ruRU": "Искушение",
    "zhCN": "诱惑"
  },
  {
    "id": 20647,
    "Key": "Runeword142",
    "enUS": "Terror",
    "zhTW": "恐佈",
    "deDE": "Terror",
    "esES": "Terror",
    "frFR": "Terreur",
    "itIT": "Orrore",
    "koKR": "공포",
    "plPL": "Groza",
    "esMX": "Terror",
    "jaJP": "恐怖",
    "ptBR": "Terror",
    "ruRU": "Кошмар",
    "zhCN": "恐惧"
  },
  {
    "id": 20648,
    "Key": "Runeword143",
    "enUS": "Thirst",
    "zhTW": "飢渴",
    "deDE": "Durst",
    "esES": "Sed",
    "frFR": "Soif",
    "itIT": "Sete",
    "koKR": "갈증",
    "plPL": "Pragnienie",
    "esMX": "Sed",
    "jaJP": "渇望",
    "ptBR": "Sede",
    "ruRU": "Жажда",
    "zhCN": "渴求"
  },
  {
    "id": 20649,
    "Key": "Runeword144",
    "enUS": "Thought",
    "zhTW": "思維",
    "deDE": "Gedanke",
    "esES": "Pensamiento",
    "frFR": "Stoïque",
    "itIT": "Pensiero",
    "koKR": "사고",
    "plPL": "Myśl",
    "esMX": "Pensamiento",
    "jaJP": "思考",
    "ptBR": "Pensamento",
    "ruRU": "Мысль",
    "zhCN": "思绪"
  },
  {
    "id": 20650,
    "Key": "Runeword145",
    "enUS": "Thunder",
    "zhTW": "雷霆",
    "deDE": "Donner",
    "esES": "Trueno",
    "frFR": "Tonnerre",
    "itIT": "Tuono",
    "koKR": "천둥",
    "plPL": "Grom",
    "esMX": "Trueno",
    "jaJP": "稲妻",
    "ptBR": "Trovão",
    "ruRU": "Гром",
    "zhCN": "雷霆"
  },
  {
    "id": 20651,
    "Key": "Runeword146",
    "enUS": "Time",
    "zhTW": "時間",
    "deDE": "Zeit",
    "esES": "Tiempo",
    "frFR": "Temps",
    "itIT": "Tempo",
    "koKR": "시간",
    "plPL": "Czas",
    "esMX": "Tiempo",
    "jaJP": "時間",
    "ptBR": "Tempo",
    "ruRU": "Время",
    "zhCN": "时光"
  },
  {
    "id": 20652,
    "Key": "Runeword147",
    "enUS": "Tradition",
    "zhTW": "傳統",
    "deDE": "Tradition",
    "esES": "Tradición",
    "frFR": "Tradition",
    "itIT": "Tradizione",
    "koKR": "전통",
    "plPL": "Tradycja",
    "esMX": "Tradición",
    "jaJP": "伝統",
    "ptBR": "Tradição",
    "ruRU": "Традиция",
    "zhCN": "传统"
  },
  {
    "id": 20653,
    "Key": "Runeword148",
    "enUS": "ÿcNgain 1% enemy magic immunity reduction\ngain 10% increased damage to unholy skills\n\nfor every point invested into the necromage skill:\nTreachery",
    "zhTW": "背信",
    "deDE": "Verrat",
    "esES": "Traición",
    "frFR": "Traîtrise",
    "itIT": "Tradimento",
    "koKR": "배신",
    "plPL": "Zdrada",
    "esMX": "Traición",
    "jaJP": "不信",
    "ptBR": "Deslealdade",
    "ruRU": "Вероломство",
    "zhCN": "背叛"
  },
  {
    "id": 20654,
    "Key": "Runeword149",
    "enUS": "Trust",
    "zhTW": "信任",
    "deDE": "Vertrauen",
    "esES": "Confianza",
    "frFR": "Confiance",
    "itIT": "Fiducia",
    "koKR": "신임",
    "plPL": "Zaufanie",
    "esMX": "Confianza",
    "jaJP": "信頼",
    "ptBR": "Confiança",
    "ruRU": "Доверие",
    "zhCN": "信任"
  },
  {
    "id": 20655,
    "Key": "Runeword150",
    "enUS": "Truth",
    "zhTW": "真理",
    "deDE": "Wahrheit",
    "esES": "Verdad",
    "frFR": "Vérité",
    "itIT": "Verità",
    "koKR": "진실",
    "plPL": "Prawda",
    "esMX": "Verdad",
    "jaJP": "真実",
    "ptBR": "Verdade",
    "ruRU": "Правда",
    "zhCN": "真理"
  },
  {
    "id": 20656,
    "Key": "Runeword151",
    "enUS": "Unbending Will",
    "zhTW": "不屈意志",
    "deDE": "Unbeugsamer Wille",
    "esES": "Voluntad de hierro",
    "frFR": "Volonté inébranlable",
    "itIT": "Volontà di Ferro",
    "koKR": "불굴의 의지",
    "plPL": "Nieugięta Wola",
    "esMX": "Voluntad inflexible",
    "jaJP": "恒心",
    "ptBR": "Determinação",
    "ruRU": "Непреклонность",
    "zhCN": "不屈之志"
  },
  {
    "id": 20657,
    "Key": "Runeword152",
    "enUS": "Valor",
    "zhTW": "英勇",
    "deDE": "Heldenmut",
    "esES": "Valor",
    "frFR": "Valeur",
    "itIT": "Valore",
    "koKR": "용기",
    "plPL": "Odwaga",
    "esMX": "Valor",
    "jaJP": "勇敢",
    "ptBR": "Bravura",
    "ruRU": "Отвага",
    "zhCN": "勇气"
  },
  {
    "id": 20658,
    "Key": "Runeword153",
    "enUS": "Vengeance",
    "zhTW": "復仇",
    "deDE": "Rache",
    "esES": "Venganza",
    "frFR": "Vengeance",
    "itIT": "Vendetta",
    "koKR": "복수",
    "plPL": "Zemsta",
    "esMX": "Venganza",
    "jaJP": "報復",
    "ptBR": "Vingança",
    "ruRU": "Отмщение",
    "zhCN": "复仇"
  },
  {
    "id": 20659,
    "Key": "Runeword154",
    "enUS": "ÿcN1% reduced monster poison immunity\n\n1% reduced monster poison resistance\n\n1% increased poison damage\n\nfor every point invested into Caustic Spear or Acid Skull, gain:\nVenom",
    "zhTW": "劇毒",
    "deDE": "Geifer",
    "esES": "Ponzoña",
    "frFR": "Venin",
    "itIT": "Veleno",
    "koKR": "맹독",
    "plPL": "Jad",
    "esMX": "Veneno",
    "jaJP": "毒",
    "ptBR": "Veneno",
    "ruRU": "Яд",
    "zhCN": "毒液"
  },
  {
    "id": 20660,
    "Key": "Runeword155",
    "enUS": "Victory",
    "zhTW": "勝利",
    "deDE": "Sieg",
    "esES": "Victoria",
    "frFR": "Victoire",
    "itIT": "Vittoria",
    "koKR": "승리",
    "plPL": "Zwycięstwo",
    "esMX": "Victoria",
    "jaJP": "勝利",
    "ptBR": "Vitória",
    "ruRU": "Победа",
    "zhCN": "胜利"
  },
  {
    "id": 20661,
    "Key": "Runeword156",
    "enUS": "Voice",
    "zhTW": "聲音",
    "deDE": "Stimme",
    "esES": "Voz",
    "frFR": "Voix",
    "itIT": "Voce",
    "koKR": "목소리",
    "plPL": "Głos",
    "esMX": "Voz",
    "jaJP": "声",
    "ptBR": "Voz",
    "ruRU": "Голос",
    "zhCN": "声音"
  },
  {
    "id": 20662,
    "Key": "Runeword157",
    "enUS": "Void",
    "zhTW": "虛無",
    "deDE": "[ms]leerer[fs]leere[ns]leeres[pl]leere",
    "esES": "Vacío",
    "frFR": "Vide",
    "itIT": "Vuoto",
    "koKR": "공허",
    "plPL": "Pustka",
    "esMX": "Vacío",
    "jaJP": "虚無",
    "ptBR": "Vazio",
    "ruRU": "Бездна",
    "zhCN": "虚空"
  },
  {
    "id": 20663,
    "Key": "Runeword158",
    "enUS": "War",
    "zhTW": "戰爭",
    "deDE": "Krieg",
    "esES": "Guerra",
    "frFR": "Guerre",
    "itIT": "Guerra",
    "koKR": "전쟁",
    "plPL": "Wojna",
    "esMX": "Guerra",
    "jaJP": "戦争",
    "ptBR": "Guerra",
    "ruRU": "Война",
    "zhCN": "战争"
  },
  {
    "id": 20664,
    "Key": "Runeword159",
    "enUS": "Water",
    "zhTW": "清水",
    "deDE": "Wasser",
    "esES": "Agua",
    "frFR": "Eau",
    "itIT": "Acqua",
    "koKR": "물",
    "plPL": "Woda",
    "esMX": "Agua",
    "jaJP": "水",
    "ptBR": "Água",
    "ruRU": "Вода",
    "zhCN": "源水"
  },
  {
    "id": 20665,
    "Key": "Runeword160",
    "enUS": "ÿcNWealth",
    "zhTW": "財富",
    "deDE": "Wohlstand",
    "esES": "Riqueza",
    "frFR": "Richesse",
    "itIT": "Ricchezza",
    "koKR": "부",
    "plPL": "Bogactwo",
    "esMX": "Riqueza",
    "jaJP": "富",
    "ptBR": "Riqueza",
    "ruRU": "Изобилие",
    "zhCN": "财富"
  },
  {
    "id": 20666,
    "Key": "Runeword161",
    "enUS": "Whisper",
    "zhTW": "低語",
    "deDE": "Flüstern",
    "esES": "Susurro",
    "frFR": "Murmure",
    "itIT": "Sussurro",
    "koKR": "속삭임",
    "plPL": "Szept",
    "esMX": "Susurro",
    "jaJP": "囁き",
    "ptBR": "Sussurro",
    "ruRU": "Шепот",
    "zhCN": "低语"
  },
  {
    "id": 20667,
    "Key": "Runeword162",
    "enUS": "ÿcN\ngain 3 light radius per Holy Sword Strike base skill level\n\nWhite",
    "zhTW": "蒼白",
    "deDE": "Weiß",
    "esES": "Blancura",
    "frFR": "Blancheur",
    "itIT": "Bianco",
    "koKR": "순백",
    "plPL": "Biel",
    "esMX": "Blanco",
    "jaJP": "白",
    "ptBR": "Branco",
    "ruRU": "Белизна",
    "zhCN": "白色"
  },
  {
    "id": 20668,
    "Key": "Runeword163",
    "enUS": "ÿcNWind",
    "zhTW": "輕風",
    "deDE": "Wind",
    "esES": "Viento",
    "frFR": "Vent",
    "itIT": "Vento",
    "koKR": "바람",
    "plPL": "Wiatr",
    "esMX": "Viento",
    "jaJP": "風",
    "ptBR": "Vento",
    "ruRU": "Ветер",
    "zhCN": "疾风"
  },
  {
    "id": 20669,
    "Key": "Runeword164",
    "enUS": "Wings of Hope",
    "zhTW": "希望之翼",
    "deDE": "Schwingen der Hoffnung",
    "esES": "Alas de esperanza",
    "frFR": "Ailes de l’espoir",
    "itIT": "Ali della Speranza",
    "koKR": "희망의 날개",
    "plPL": "Wiatr Nadziei",
    "esMX": "Alas de esperanza",
    "jaJP": "希望の翼",
    "ptBR": "Asas da Esperança",
    "ruRU": "Крылья надежды",
    "zhCN": "希望之翼"
  },
  {
    "id": 20670,
    "Key": "Runeword165",
    "enUS": "ÿcNWisdom",
    "zhTW": "智慧",
    "deDE": "Weisheit",
    "esES": "Sabiduría",
    "frFR": "Sagesse",
    "itIT": "Saggezza",
    "koKR": "지혜",
    "plPL": "Mądrość",
    "esMX": "Sabiduría",
    "jaJP": "英知",
    "ptBR": "Sabedoria",
    "ruRU": "Мудрость",
    "zhCN": "智慧"
  },
  {
    "id": 20671,
    "Key": "Runeword166",
    "enUS": "Woe",
    "zhTW": "悲痛",
    "deDE": "Unglück",
    "esES": "Aflicción",
    "frFR": "Malheur",
    "itIT": "Pena",
    "koKR": "재난",
    "plPL": "Nieszczęście",
    "esMX": "Aflicción",
    "jaJP": "苦悩",
    "ptBR": "Angústia",
    "ruRU": "Горе",
    "zhCN": "灾祸"
  },
  {
    "id": 20672,
    "Key": "Runeword167",
    "enUS": "Wonder",
    "zhTW": "驚奇",
    "deDE": "Wunder",
    "esES": "Asombro",
    "frFR": "Merveille",
    "itIT": "Meraviglia",
    "koKR": "경이",
    "plPL": "Cud",
    "esMX": "Asombro",
    "jaJP": "驚異",
    "ptBR": "Fascínio",
    "ruRU": "Чудо",
    "zhCN": "奇迹"
  },
  {
    "id": 20673,
    "Key": "Runeword168",
    "enUS": "ÿcNhalf of your total % increased damage to unholy skills\ngain bonus damage to blood skills equal to\n\nWrath",
    "zhTW": "憤怒",
    "deDE": "Wut",
    "esES": "Ira",
    "frFR": "Courroux",
    "itIT": "Ira",
    "koKR": "진노",
    "plPL": "Gniew",
    "esMX": "Ira",
    "jaJP": "激怒",
    "ptBR": "Ira",
    "ruRU": "Гнев",
    "zhCN": "怒火"
  },
  {
    "id": 20674,
    "Key": "Runeword169",
    "enUS": "Youth",
    "zhTW": "年輕",
    "deDE": "Jugend",
    "esES": "Juventud",
    "frFR": "Jeunesse",
    "itIT": "Gioventù",
    "koKR": "젊음",
    "plPL": "Młodość",
    "esMX": "Juventud",
    "jaJP": "若さ",
    "ptBR": "Juventude",
    "ruRU": "Юность",
    "zhCN": "青春"
  },
  {
    "id": 20675,
    "Key": "Runeword170",
    "enUS": "ÿcNZephyr",
    "zhTW": "和風",
    "deDE": "Zephyr",
    "esES": "Céfiro",
    "frFR": "Zéphyr",
    "itIT": "Zefiro",
    "koKR": "서풍",
    "plPL": "Zefir",
    "esMX": "Céfiro",
    "jaJP": "軟風",
    "ptBR": "Zefir",
    "ruRU": "Бриз",
    "zhCN": "和风"
  },
  {
    "id": 27360,
    "Key": "Runeword171",
    "enUS": "ÿcNHustle",
    "zhTW": "催促",
    "deDE": "Hetze",
    "esES": "Apremio",
    "frFR": "Tumulte",
    "itIT": "Imbroglio",
    "koKR": "투지",
    "plPL": "Zgiełk",
    "esMX": "Apuro",
    "jaJP": "発奮",
    "ptBR": "Agitação",
    "ruRU": "Переполох",
    "zhCN": "喧嚣"
  },
  {
    "id": 27361,
    "Key": "Runeword172",
    "enUS": "ÿcNHustle",
    "zhTW": "催促",
    "deDE": "Hetze",
    "esES": "Apremio",
    "frFR": "Tumulte",
    "itIT": "Imbroglio",
    "koKR": "투지",
    "plPL": "Zgiełk",
    "esMX": "Apuro",
    "jaJP": "発奮",
    "ptBR": "Agitação",
    "ruRU": "Переполох",
    "zhCN": "喧嚣"
  },
  {
    "id": 27362,
    "Key": "Runeword173",
    "enUS": "ÿcNMosaic",
    "zhTW": "嵌飾",
    "deDE": "Mosaik",
    "esES": "Mosaico",
    "frFR": "Mosaïque",
    "itIT": "Mosaico",
    "koKR": "모자이크",
    "plPL": "Mozaika",
    "esMX": "Mosaico",
    "jaJP": "坩堝",
    "ptBR": "Mosaico",
    "ruRU": "Мозаика",
    "zhCN": "模糊"
  },
  {
    "id": 27363,
    "Key": "Runeword174",
    "enUS": "ÿcNMetamoophosis",
    "zhTW": "變化",
    "deDE": "Metamorphose",
    "esES": "Metamorfosis",
    "frFR": "Métamorphose",
    "itIT": "Metamorfosi",
    "koKR": "탈태",
    "plPL": "Metamorfoza",
    "esMX": "Metamorfosis",
    "jaJP": "変容",
    "ptBR": "Metamorfose",
    "ruRU": "Метаморфоза",
    "zhCN": "变形"
  },
  {
    "id": 27364,
    "Key": "Runeword175",
    "enUS": "ÿcNGround",
    "zhTW": "接地",
    "deDE": "Boden",
    "esES": "Tierra",
    "frFR": "Terre",
    "itIT": "Suolo",
    "koKR": "접지",
    "plPL": "Grunt",
    "esMX": "Suelo",
    "jaJP": "大地",
    "ptBR": "Solo",
    "ruRU": "Земля",
    "zhCN": "接地"
  },
  {
    "id": 27365,
    "Key": "Runeword176",
    "enUS": "ÿcNTemper",
    "zhTW": "和緩",
    "deDE": "Temperament",
    "esES": "Temperamento",
    "frFR": "Tempérament",
    "itIT": "Tempra",
    "koKR": "담금질",
    "plPL": "Charakter",
    "esMX": "Ira",
    "jaJP": "沈着",
    "ptBR": "Índole",
    "ruRU": "Закалка",
    "zhCN": "淬火"
  },
  {
    "id": 27366,
    "Key": "Runeword177",
    "enUS": "ÿcNHearth",
    "zhTW": "火爐",
    "deDE": "Heim",
    "esES": "Hogar",
    "frFR": "Âtre",
    "itIT": "Focolare",
    "koKR": "화로",
    "plPL": "Palenisko",
    "esMX": "Fogón",
    "jaJP": "炉辺",
    "ptBR": "Lar",
    "ruRU": "Очаг",
    "zhCN": "壁炉"
  },
  {
    "id": 27367,
    "Key": "Runeword178",
    "enUS": "ÿcNCure",
    "zhTW": "治癒",
    "deDE": "Heilung",
    "esES": "Cura",
    "frFR": "Remède",
    "itIT": "Cura",
    "koKR": "치료",
    "plPL": "Remedium",
    "esMX": "Cura",
    "jaJP": "治癒",
    "ptBR": "Cura",
    "ruRU": "Лекарство",
    "zhCN": "解药"
  },
  {
    "id": 27368,
    "Key": "Runeword179",
    "enUS": "ÿcNBulwark",
    "zhTW": "壁壘",
    "deDE": "Bollwerk",
    "esES": "Baluarte",
    "frFR": "Rempart",
    "itIT": "Baluardo",
    "koKR": "방벽",
    "plPL": "Szaniec",
    "esMX": "Baluarte",
    "jaJP": "防塁",
    "ptBR": "Bastião",
    "ruRU": "Оплот",
    "zhCN": "壁垒"
  }
]
